{
"type": "FeatureCollection",
"name": "Sec6_Locations_final_WGS84",
"crs": { "type": "name", "properties": { "name": "urn:ogc:def:crs:OGC:1.3:CRS84" } },
"features": [
{ "type": "Feature", "properties": { "OBJECTID": 1, "VILL_NAME": "Aligan", "Shape_Leng": 26805.6753384, "Shape_Area": 19295639.499299999 }, "geometry": { "type": "Polygon", "coordinates": [ [ [ 82.922422321393952, 18.71042705435973 ], [ 82.922458596623159, 18.710370372978073 ], [ 82.922590095341079, 18.710220736812715 ], [ 82.922846291263056, 18.710132315666659 ], [ 82.92314657874563, 18.71008384756632 ], [ 82.923920949759136, 18.709955472700351 ], [ 82.924347186549198, 18.709955472664141 ], [ 82.92450135722936, 18.709905594090081 ], [ 82.924836905443271, 18.709753690829793 ], [ 82.925156581630276, 18.709604054981284 ], [ 82.925577906119727, 18.709301632791952 ], [ 82.925811680791284, 18.708971124093818 ], [ 82.925989027909608, 18.708721227241227 ], [ 82.92612203792531, 18.708471328877383 ], [ 82.926218771738363, 18.708326226918221 ], [ 82.926504945221851, 18.707959441769741 ], [ 82.926646016036997, 18.707850615591269 ], [ 82.927041014558554, 18.707580565884125 ], [ 82.927117596739023, 18.707471739450192 ], [ 82.927347340795436, 18.707274240362178 ], [ 82.92746019754658, 18.707137199217883 ], [ 82.927490535368463, 18.707002404316487 ], [ 82.927535878428216, 18.707045511959997 ], [ 82.927573933423062, 18.707072759693084 ], [ 82.927636552257383, 18.707111809559859 ], [ 82.927641937199539, 18.707107127919134 ], [ 82.927676523365051, 18.707075379421529 ], [ 82.927680229592369, 18.707071977080819 ], [ 82.927676304950282, 18.707104553873364 ], [ 82.927674596046586, 18.707118733865443 ], [ 82.927793832804355, 18.707112993982005 ], [ 82.927906417780221, 18.707115595680914 ], [ 82.927993155320948, 18.707132925571297 ], [ 82.92809271865363, 18.707161691341135 ], [ 82.928156039287629, 18.707167200949847 ], [ 82.928237092726107, 18.707185228805219 ], [ 82.92824074146283, 18.707186040446139 ], [ 82.928470521116964, 18.70711531032596 ], [ 82.928666162686014, 18.706988053997616 ], [ 82.92887571639919, 18.706815294303226 ], [ 82.928889427337083, 18.706804370347029 ], [ 82.928925924155152, 18.706756705968886 ], [ 82.928993534425445, 18.706561491754726 ], [ 82.929001629541702, 18.706545751821515 ], [ 82.929123698199348, 18.706308421191554 ], [ 82.929126429035051, 18.706303111877908 ], [ 82.929339392093127, 18.705957308946168 ], [ 82.929417678263562, 18.705827970845551 ], [ 82.929432854598232, 18.705792366586135 ], [ 82.929466456121432, 18.705713545196915 ], [ 82.929531516548735, 18.705560921100982 ], [ 82.929555724818329, 18.705492880771967 ], [ 82.929567449040562, 18.705459928256754 ], [ 82.929592989661529, 18.705205135011184 ], [ 82.929593504928775, 18.705199993949073 ], [ 82.929596460411673, 18.705170520319832 ], [ 82.929643328960026, 18.705134045008403 ], [ 82.929644206677466, 18.705133362044474 ], [ 82.929670509975168, 18.705112892386701 ], [ 82.929753145874642, 18.705048582194692 ], [ 82.929888832709565, 18.704942987452501 ], [ 82.929898951147578, 18.704933383240242 ], [ 82.930020985676748, 18.704817546366986 ], [ 82.93028672435905, 18.70447897638692 ], [ 82.930339876268988, 18.704411256710483 ], [ 82.930462285554043, 18.704272937661326 ], [ 82.930548393146736, 18.704224988789136 ], [ 82.930690873472898, 18.704145647366467 ], [ 82.930747933002394, 18.704113871952607 ], [ 82.931030999986845, 18.703995050312901 ], [ 82.931251260766132, 18.703914311787699 ], [ 82.93141550040157, 18.703836970690695 ], [ 82.931429415961816, 18.703827321857688 ], [ 82.931559076150307, 18.703737522442047 ], [ 82.931568109940869, 18.703731264633049 ], [ 82.931570761027615, 18.70372453508655 ], [ 82.931632756618711, 18.703567133301142 ], [ 82.931719315709088, 18.703348205246247 ], [ 82.931745844667446, 18.703281093870189 ], [ 82.931771487792787, 18.703216790313068 ], [ 82.931814256702637, 18.703109540310656 ], [ 82.931845082288362, 18.702997266805735 ], [ 82.931868864969474, 18.702846067592901 ], [ 82.931889883050914, 18.702722835005964 ], [ 82.931893802014002, 18.702699854014973 ], [ 82.931906783451652, 18.702678243104042 ], [ 82.931989094273646, 18.702541207385213 ], [ 82.932001905410544, 18.702519879177874 ], [ 82.932167676472119, 18.702491073363724 ], [ 82.932185065338885, 18.702488099036561 ], [ 82.932204507117888, 18.702481908267604 ], [ 82.932330281633256, 18.702441856410211 ], [ 82.93243499818449, 18.702392567635371 ], [ 82.932463749829893, 18.702361026693847 ], [ 82.932543820126355, 18.702247306787662 ], [ 82.932636542464934, 18.702144604192227 ], [ 82.9327216829153, 18.702132692365467 ], [ 82.932717961111223, 18.702119342556447 ], [ 82.932689444766808, 18.702017057072776 ], [ 82.932676908426643, 18.701877390914294 ], [ 82.932712768031365, 18.701878318437018 ], [ 82.932946355677771, 18.701884360075908 ], [ 82.93329655870923, 18.701929086796486 ], [ 82.933381723945033, 18.702013433818554 ], [ 82.933502784461325, 18.702000856641209 ], [ 82.933721942293985, 18.70197808901078 ], [ 82.933872598882118, 18.701962438300072 ], [ 82.933975957818035, 18.701957435855935 ], [ 82.934183913078982, 18.70194737105351 ], [ 82.934202102256791, 18.701941753111857 ], [ 82.934236497698862, 18.701931130306242 ], [ 82.934263026681251, 18.701955975188763 ], [ 82.934297684170218, 18.701988433031385 ], [ 82.93440004113738, 18.701994950728036 ], [ 82.934419365074419, 18.701996172330929 ], [ 82.934486766042397, 18.701986844890051 ], [ 82.934587028835026, 18.701952157196178 ], [ 82.934611145263148, 18.701943813053951 ], [ 82.934675201130446, 18.701884983834084 ], [ 82.934680745308171, 18.701874076047844 ], [ 82.934690206319402, 18.701855464415434 ], [ 82.934665714389652, 18.701793987972298 ], [ 82.934653502294026, 18.701776488061867 ], [ 82.934522596449568, 18.701588908678882 ], [ 82.934384201088449, 18.701691832294909 ], [ 82.934235057941606, 18.701656601744389 ], [ 82.934215806062653, 18.701651790224364 ], [ 82.93410458189939, 18.701636704047594 ], [ 82.934040105067837, 18.701627958750631 ], [ 82.933772111242178, 18.701617284906003 ], [ 82.933709627086557, 18.701664779099406 ], [ 82.933528570402203, 18.70180240042372 ], [ 82.933490009799755, 18.701791779580667 ], [ 82.933190132564832, 18.701709189103823 ], [ 82.932993284624644, 18.701712851577426 ], [ 82.932902324137672, 18.701660192563619 ], [ 82.932799800979481, 18.701634096649531 ], [ 82.93265147833074, 18.70161458068883 ], [ 82.932569912723764, 18.701595734146572 ], [ 82.932544923296874, 18.701580298156607 ], [ 82.932377996889372, 18.701721943690195 ], [ 82.932338964169332, 18.701701545600969 ], [ 82.932239557593519, 18.70164959936362 ], [ 82.93220467500467, 18.701612305787197 ], [ 82.932192706855204, 18.701551717061957 ], [ 82.932175822863215, 18.701381017338573 ], [ 82.932175157820637, 18.701374293060322 ], [ 82.932060517351303, 18.701339250714426 ], [ 82.931944829701095, 18.701298223309802 ], [ 82.931755803960627, 18.701227442448584 ], [ 82.931716463559908, 18.701263703286088 ], [ 82.931585459541466, 18.701384456617074 ], [ 82.931379405688446, 18.701587304247553 ], [ 82.931285077187781, 18.701697052967493 ], [ 82.93122621059814, 18.70176516776943 ], [ 82.931196064139172, 18.701808311551098 ], [ 82.931122447020755, 18.701913665041737 ], [ 82.930979253198743, 18.702144615887082 ], [ 82.930864392537316, 18.702294939284844 ], [ 82.930838193606007, 18.702303416434621 ], [ 82.930816716925747, 18.702288510449335 ], [ 82.930469318452921, 18.702021265811382 ], [ 82.93043581855477, 18.701993352868822 ], [ 82.930407937546278, 18.701970121222356 ], [ 82.930472191963872, 18.701794165315007 ], [ 82.930646767760365, 18.701510763444713 ], [ 82.930764662954431, 18.701361127132852 ], [ 82.930909764095929, 18.701250033578376 ], [ 82.930980047861553, 18.701202421979396 ], [ 82.931014056364788, 18.701143474345024 ], [ 82.931120615334834, 18.700919019575466 ], [ 82.931247578929785, 18.700830598858914 ], [ 82.931551386003875, 18.700637885659606 ], [ 82.931610334135442, 18.700542662922778 ], [ 82.931816649759952, 18.700048409665907 ], [ 82.931918674754343, 18.699760474217268 ], [ 82.932134059915626, 18.699483873277092 ], [ 82.932238352423909, 18.699379581893353 ], [ 82.932317704666815, 18.699318367160551 ], [ 82.932410660148435, 18.699295695192728 ], [ 82.932478676653744, 18.69928889259058 ], [ 82.932578433926722, 18.699295694781426 ], [ 82.932952525297551, 18.699005490625627 ], [ 82.933174712433541, 18.698885329330725 ], [ 82.933358356354589, 18.69869034844384 ], [ 82.933424105180578, 18.698658607440226 ], [ 82.93350345799702, 18.698631401134179 ], [ 82.93353746556383, 18.698606461122385 ], [ 82.933682567857957, 18.698255043303838 ], [ 82.933707507365426, 18.698182491684584 ], [ 82.933748317133848, 18.697985244582501 ], [ 82.933950099243944, 18.697790264046681 ], [ 82.934158683149974, 18.697293744192876 ], [ 82.934351395996003, 18.696826698286767 ], [ 82.934471372549098, 18.696478916133444 ], [ 82.934472308278359, 18.696477837773198 ], [ 82.9344992655341, 18.696446756881464 ], [ 82.934514796573097, 18.696394215603636 ], [ 82.934641211580669, 18.696230514950628 ], [ 82.934946101763444, 18.695835695821557 ], [ 82.93528912453975, 18.695358533877645 ], [ 82.935539226946403, 18.695002946186541 ], [ 82.935895300628431, 18.694520081078952 ], [ 82.935812541859946, 18.69443518432556 ], [ 82.935613778073744, 18.694081303171426 ], [ 82.935555119193864, 18.693977751914744 ], [ 82.935523342126416, 18.693902664376814 ], [ 82.935475393062717, 18.693751784366569 ], [ 82.93542910397133, 18.693584972253209 ], [ 82.935411453429268, 18.693496273007039 ], [ 82.935379093129185, 18.693317968770064 ], [ 82.935301549572316, 18.693219021728837 ], [ 82.935060741672572, 18.692910941705016 ], [ 82.934685292462703, 18.692439246035995 ], [ 82.934302641467781, 18.691963590993122 ], [ 82.934195775118312, 18.69182766487819 ], [ 82.934064769308975, 18.69165367592354 ], [ 82.933908028996001, 18.691457920443636 ], [ 82.933755734457861, 18.691267715438666 ], [ 82.933560540991621, 18.691018832238829 ], [ 82.933275289703829, 18.690662936885726 ], [ 82.93291305371325, 18.690202517568085 ], [ 82.932647910260044, 18.689877623098294 ], [ 82.932556395335851, 18.689773577153151 ], [ 82.932553243341388, 18.689684672949269 ], [ 82.932555140573228, 18.68928474908218 ], [ 82.932563746939493, 18.688918121782972 ], [ 82.93256260633521, 18.688759349636147 ], [ 82.932561146826103, 18.688556256968504 ], [ 82.932573798751676, 18.688270648926053 ], [ 82.932570536543167, 18.687909152267476 ], [ 82.932608554849409, 18.687875102127752 ], [ 82.932645425881887, 18.687670327172782 ], [ 82.932048359045169, 18.686415076940783 ], [ 82.93198136500456, 18.686303206640961 ], [ 82.931187651445526, 18.687854179986093 ], [ 82.931098662451518, 18.688006392045569 ], [ 82.930985713150704, 18.688195388286825 ], [ 82.930916918638346, 18.688307205149766 ], [ 82.930812516173205, 18.688256734406067 ], [ 82.930661052205565, 18.688174454608934 ], [ 82.930588429712785, 18.68815252889123 ], [ 82.930544199320352, 18.688139174054449 ], [ 82.930474938364384, 18.68812278036998 ], [ 82.93041811991219, 18.688338502602651 ], [ 82.930358916568508, 18.688566124411619 ], [ 82.930345854392158, 18.688620534425098 ], [ 82.930312893680366, 18.688757813791284 ], [ 82.930270199877341, 18.688955107853026 ], [ 82.93024481331733, 18.689088556585453 ], [ 82.93024755380425, 18.68915464105709 ], [ 82.930256126884203, 18.689342011342834 ], [ 82.930262741817486, 18.689565792971205 ], [ 82.930364170723692, 18.689709143919739 ], [ 82.93041437738151, 18.689785984296574 ], [ 82.930460103381918, 18.689899312555916 ], [ 82.930498755970035, 18.689998849308594 ], [ 82.930527991949518, 18.690104597111961 ], [ 82.930535119248177, 18.690122550857872 ], [ 82.930482995677082, 18.690217503211667 ], [ 82.930441278420375, 18.690273461188934 ], [ 82.930378319712162, 18.690385728272357 ], [ 82.930359431074336, 18.690439359915654 ], [ 82.930124127213432, 18.690489458958531 ], [ 82.929971514010816, 18.690503853143952 ], [ 82.929873810439275, 18.690530516614505 ], [ 82.929790421663526, 18.690558253216391 ], [ 82.92965473890456, 18.690503046621686 ], [ 82.929473405100808, 18.690435224912896 ], [ 82.929210345569103, 18.690345783675824 ], [ 82.92902317960089, 18.690272627361303 ], [ 82.928875571969442, 18.690273327083485 ], [ 82.928854330401421, 18.690272412700654 ], [ 82.928905959649782, 18.690160595022782 ], [ 82.928853324778359, 18.690033604949864 ], [ 82.928746292150706, 18.689829856840777 ], [ 82.928632805705007, 18.68961493143248 ], [ 82.928552513420001, 18.689465786362724 ], [ 82.928487328002518, 18.689353506798753 ], [ 82.928478725579808, 18.689324133021401 ], [ 82.928455936408795, 18.689205016084554 ], [ 82.928420460196989, 18.689085496589296 ], [ 82.928379489420337, 18.688937141380602 ], [ 82.928350370397283, 18.688813533705691 ], [ 82.928350205699132, 18.688766579031554 ], [ 82.92833403133038, 18.688698698432102 ], [ 82.928302990264314, 18.688630886661254 ], [ 82.928216353464649, 18.688485943221171 ], [ 82.928089206821639, 18.688307680894734 ], [ 82.927978045799108, 18.688141922370676 ], [ 82.927908242870799, 18.688038845836772 ], [ 82.927872723104542, 18.687993983637355 ], [ 82.927934749133058, 18.687918908602402 ], [ 82.927948947124065, 18.68788748189807 ], [ 82.92795010061495, 18.687847683863691 ], [ 82.92773686376286, 18.687665606675946 ], [ 82.927449807975563, 18.687467697031799 ], [ 82.927229880910929, 18.68730005363307 ], [ 82.926860158419728, 18.687044009999941 ], [ 82.926731324744637, 18.686945589215256 ], [ 82.926492681785845, 18.686774895713764 ], [ 82.926460983138398, 18.686734671699934 ], [ 82.92637236854651, 18.686742956160206 ], [ 82.926262612214884, 18.686715020346487 ], [ 82.926251975460687, 18.686642498801845 ], [ 82.926244651115312, 18.686237083638648 ], [ 82.926398952941298, 18.686125675694999 ], [ 82.926623079411826, 18.686079116745763 ], [ 82.926720678842614, 18.6860656185887 ], [ 82.926835906625342, 18.68602628663653 ], [ 82.92681296891098, 18.685988084808116 ], [ 82.926693372399939, 18.685792403999255 ], [ 82.926686076785941, 18.685770241079755 ], [ 82.926732129597326, 18.685659159671069 ], [ 82.926800438015803, 18.685514913854249 ], [ 82.926885202213811, 18.685365467103228 ], [ 82.926905021457941, 18.685330523649444 ], [ 82.92692001396739, 18.685229039981763 ], [ 82.926929411642647, 18.685165423373686 ], [ 82.926953906366421, 18.685066981376927 ], [ 82.926964179380974, 18.685025696615345 ], [ 82.926989976843458, 18.684960138186991 ], [ 82.926953527093403, 18.684824917354391 ], [ 82.926962936816693, 18.684704032909359 ], [ 82.926973958147428, 18.684562459630669 ], [ 82.927068361855135, 18.68452144169197 ], [ 82.927166262205148, 18.684488956443339 ], [ 82.927298750334685, 18.684440065270344 ], [ 82.927235986574132, 18.684339644215019 ], [ 82.927140715345331, 18.684212681221169 ], [ 82.927067370598337, 18.684124868095921 ], [ 82.927045880403895, 18.684099137159649 ], [ 82.926998860860223, 18.684047078974704 ], [ 82.926962579171345, 18.684006909308341 ], [ 82.926939838328011, 18.683981731430915 ], [ 82.926806481002643, 18.684011243599414 ], [ 82.926673108641623, 18.68402811378591 ], [ 82.92644604204888, 18.684033550632765 ], [ 82.926454850289673, 18.68384811516751 ], [ 82.926486333583767, 18.683043010937858 ], [ 82.92677080153419, 18.683132145063922 ], [ 82.927869559161039, 18.683454975084857 ], [ 82.928792884611866, 18.683729576900411 ], [ 82.929564096767834, 18.683946301883001 ], [ 82.929662375020627, 18.68357153090999 ], [ 82.92989602338443, 18.682837422047669 ], [ 82.930042760062364, 18.682350573971128 ], [ 82.930300706326506, 18.681494738812194 ], [ 82.930822776264918, 18.679775703087053 ], [ 82.930858009898387, 18.67960097379525 ], [ 82.930897983878268, 18.679402735610079 ], [ 82.931036258560866, 18.678801850818886 ], [ 82.931165401149542, 18.678240586833979 ], [ 82.93130359589631, 18.6776294330278 ], [ 82.93143576363083, 18.677035626640674 ], [ 82.931515431873947, 18.67664676767204 ], [ 82.93164732803119, 18.676068078596792 ], [ 82.931678569897045, 18.675931994826119 ], [ 82.931810028872249, 18.675359386380098 ], [ 82.931929744602527, 18.674795521614051 ], [ 82.93212919279496, 18.673933678859317 ], [ 82.932290281717016, 18.673182231149042 ], [ 82.932331620556923, 18.672989390944323 ], [ 82.932509765524856, 18.672212518714112 ], [ 82.932595595991984, 18.671803100858703 ], [ 82.932626354900052, 18.671705379864495 ], [ 82.932693670938519, 18.671451266293811 ], [ 82.932916856694902, 18.670677340369259 ], [ 82.933107581088748, 18.669993283442214 ], [ 82.933239323329801, 18.669548491092346 ], [ 82.933431620569522, 18.668863153026511 ], [ 82.93350488700257, 18.668599841125207 ], [ 82.933594483218741, 18.668277834971846 ], [ 82.93402833470526, 18.666741603565242 ], [ 82.93403951001379, 18.666702033844686 ], [ 82.934398613822339, 18.665406017819006 ], [ 82.934604627287527, 18.664666676787007 ], [ 82.934788994077095, 18.664022991744257 ], [ 82.934803488566601, 18.663932807065418 ], [ 82.934836604470789, 18.663675998313259 ], [ 82.934859270832732, 18.6635864819497 ], [ 82.934893629201554, 18.663252795564748 ], [ 82.934891394049757, 18.663128096757045 ], [ 82.934622455044078, 18.663011821915276 ], [ 82.933712248057304, 18.662654708621101 ], [ 82.932751162418867, 18.662278523354008 ], [ 82.931872554815328, 18.661938442011074 ], [ 82.931433950905245, 18.661762806825248 ], [ 82.931182125998347, 18.661688520911639 ], [ 82.930961951802871, 18.66173415769137 ], [ 82.930510949186313, 18.661729217810198 ], [ 82.930425344713981, 18.661766060906125 ], [ 82.93015152264347, 18.661775613034315 ], [ 82.930059022777598, 18.661755141650989 ], [ 82.9298070876049, 18.661652633944311 ], [ 82.929603065039217, 18.661545324386804 ], [ 82.929475474895114, 18.661478215240745 ], [ 82.92933789225323, 18.661380592733803 ], [ 82.929166901589397, 18.661267664768314 ], [ 82.92906718741682, 18.661266631167219 ], [ 82.929025031849449, 18.661385590947166 ], [ 82.928919593655849, 18.66138663063381 ], [ 82.925342415316308, 18.661341992124516 ], [ 82.925232364311128, 18.661340618897849 ], [ 82.924878171322945, 18.66234159835474 ], [ 82.924346663173054, 18.66268226163092 ], [ 82.922310063331338, 18.663987536223868 ], [ 82.919938917787007, 18.665507221787028 ], [ 82.919361342756019, 18.665877394848152 ], [ 82.919288321586436, 18.665924194586001 ], [ 82.918823987787647, 18.665439753883184 ], [ 82.917871718254617, 18.664728745231137 ], [ 82.917233103070828, 18.664332946042236 ], [ 82.917084627729992, 18.663716101808927 ], [ 82.917080462900543, 18.663698797316751 ], [ 82.917075190447505, 18.663708850838663 ], [ 82.917027449990201, 18.663797204363469 ], [ 82.916973344660434, 18.663909653198349 ], [ 82.916835918665726, 18.66431506488761 ], [ 82.916744018153324, 18.664586173627921 ], [ 82.9165618698391, 18.665089546180251 ], [ 82.916501273682371, 18.665264544582385 ], [ 82.9164738100189, 18.665343862147612 ], [ 82.916464728414951, 18.665431374697551 ], [ 82.916457898413356, 18.665453810697592 ], [ 82.916458269881616, 18.665460974452191 ], [ 82.916459400376056, 18.665482716695873 ], [ 82.916432021248781, 18.665746547570034 ], [ 82.916697065836104, 18.66709408136607 ], [ 82.916740762637218, 18.667316243779641 ], [ 82.916781234005995, 18.667434747309031 ], [ 82.916556929001842, 18.667646639615587 ], [ 82.915186072867499, 18.66894161665299 ], [ 82.914423559225298, 18.669700730392503 ], [ 82.914265473744379, 18.669847747855282 ], [ 82.914157598914059, 18.669893259767758 ], [ 82.913744921202763, 18.670067364715994 ], [ 82.912235098029441, 18.670724154267678 ], [ 82.912157945035631, 18.670779509044635 ], [ 82.910776100650523, 18.670084754177456 ], [ 82.910321008398711, 18.669861567864512 ], [ 82.909477228945207, 18.66944775855216 ], [ 82.909231533956614, 18.669327265183892 ], [ 82.908914266570406, 18.669184894417953 ], [ 82.908913292143538, 18.669184382161806 ], [ 82.908911831461111, 18.669183614671255 ], [ 82.908911559201727, 18.669183678870905 ], [ 82.908877060822675, 18.66916819759766 ], [ 82.907615814243115, 18.669470890292402 ], [ 82.906491688146417, 18.669751201738709 ], [ 82.906376037012009, 18.669780040172618 ], [ 82.905739814005685, 18.669934307324088 ], [ 82.905414096797344, 18.670010111632681 ], [ 82.905176099628378, 18.6700658070956 ], [ 82.90480676837484, 18.670155258940305 ], [ 82.904720966866151, 18.670174820926864 ], [ 82.904527785058349, 18.670218865921925 ], [ 82.904168132393394, 18.670307208360711 ], [ 82.90392536206393, 18.670374553098043 ], [ 82.903571824127823, 18.670452530937474 ], [ 82.903123772038256, 18.670562202807165 ], [ 82.902651650755203, 18.670688038262625 ], [ 82.902092622606901, 18.670820132085428 ], [ 82.901872666047154, 18.670871989166496 ], [ 82.901698457333751, 18.670814536140764 ], [ 82.901212588439265, 18.670656957421368 ], [ 82.900949552724839, 18.670565371164283 ], [ 82.900696602414342, 18.670479228384213 ], [ 82.900607787136096, 18.670440899206344 ], [ 82.900541843716212, 18.670391275349349 ], [ 82.900419488169362, 18.670258566596967 ], [ 82.900292613970095, 18.670138746263486 ], [ 82.899934259823652, 18.669724885819893 ], [ 82.899755408309417, 18.669499132298203 ], [ 82.89952318309868, 18.669220526612179 ], [ 82.899208511345037, 18.668842755169003 ], [ 82.899133518291521, 18.668770856724834 ], [ 82.89876653701215, 18.668324216806425 ], [ 82.898378691871486, 18.66785031536951 ], [ 82.897945525181058, 18.667322907184456 ], [ 82.897891779200933, 18.667259794861913 ], [ 82.897449065803073, 18.666739933948694 ], [ 82.897007745550056, 18.66619628820197 ], [ 82.896694346178265, 18.665818800430888 ], [ 82.896691030836237, 18.665814808351442 ], [ 82.896539547578286, 18.6656222709818 ], [ 82.89620345660812, 18.665207779384289 ], [ 82.89613434345101, 18.665116397807072 ], [ 82.896109750225222, 18.665066085302435 ], [ 82.896162500431885, 18.66484414523179 ], [ 82.896221688448307, 18.664595120201874 ], [ 82.896370287668603, 18.663976305775577 ], [ 82.896380398675618, 18.663936888384736 ], [ 82.896458940904552, 18.663630685583161 ], [ 82.896545759793739, 18.663276536779435 ], [ 82.896637548893821, 18.662906717881931 ], [ 82.896668648156407, 18.662753236899071 ], [ 82.896597403736152, 18.662642710301071 ], [ 82.896264464320282, 18.662173497885476 ], [ 82.896108693878105, 18.661928206296214 ], [ 82.896019007194639, 18.661788371251074 ], [ 82.895956292647625, 18.661680207344606 ], [ 82.895790967571287, 18.66119080786066 ], [ 82.8957546944021, 18.661083427586743 ], [ 82.895528729584669, 18.66039533596803 ], [ 82.89532379818651, 18.659763200871435 ], [ 82.895122641695565, 18.659157863875244 ], [ 82.895010966915208, 18.658798018622747 ], [ 82.894862493643458, 18.658361587871649 ], [ 82.894697125714643, 18.657854618662594 ], [ 82.894698683046329, 18.657834996330607 ], [ 82.89467510414093, 18.657837647181513 ], [ 82.894608116266795, 18.657636567927717 ], [ 82.89453487858556, 18.657545162848226 ], [ 82.894357533192832, 18.657330582163528 ], [ 82.894270547150484, 18.657225332693063 ], [ 82.894002469301327, 18.656914220686971 ], [ 82.893794162688948, 18.656667729741383 ], [ 82.893705564139239, 18.656613207128778 ], [ 82.893528861781334, 18.656495605128708 ], [ 82.8934405705823, 18.656455016133567 ], [ 82.893288747721172, 18.656359887380539 ], [ 82.893064504641558, 18.656276642732998 ], [ 82.892539130931382, 18.656069135647087 ], [ 82.892357923825429, 18.655998258674078 ], [ 82.892308911316462, 18.655979087968444 ], [ 82.892299961283825, 18.655978642410524 ], [ 82.892298252311363, 18.656048466807583 ], [ 82.892295810657544, 18.656148204074924 ], [ 82.89202132919101, 18.6577450212102 ], [ 82.891848342530992, 18.658686441814559 ], [ 82.891791572571748, 18.658995296832632 ], [ 82.891682359607117, 18.659619826440519 ], [ 82.891603503183376, 18.660070643958086 ], [ 82.891565553691038, 18.660234222179312 ], [ 82.891507336266542, 18.660485164353826 ], [ 82.890400411349091, 18.660513741093691 ], [ 82.890293386866404, 18.660516494186162 ], [ 82.89008206485795, 18.660521929380337 ], [ 82.889713096283671, 18.660531403440221 ], [ 82.887404946808772, 18.660591144752246 ], [ 82.887046461369508, 18.660586758346501 ], [ 82.885528571355678, 18.66056818136682 ], [ 82.885010589819046, 18.660602777242151 ], [ 82.884650470387186, 18.660628285650372 ], [ 82.884258598865657, 18.660655036144014 ], [ 82.884201157371152, 18.660658310947813 ], [ 82.883887693248752, 18.660676182154184 ], [ 82.883766242419711, 18.660697198664238 ], [ 82.883718824958294, 18.660771392576351 ], [ 82.883626366035244, 18.660949739830084 ], [ 82.883494750441727, 18.661176017231803 ], [ 82.883269564449876, 18.661591836152443 ], [ 82.883134345921405, 18.661823921385494 ], [ 82.8830192229765, 18.662164074282007 ], [ 82.882943201457493, 18.662387154165369 ], [ 82.882914154847441, 18.662498803418707 ], [ 82.882874714053131, 18.662595730115257 ], [ 82.882822341326673, 18.662809892875927 ], [ 82.8827878589872, 18.662978235043557 ], [ 82.882746039914508, 18.663232922866978 ], [ 82.882696793024508, 18.663522767301611 ], [ 82.882646639828621, 18.663834505936642 ], [ 82.882620693224723, 18.664020447671163 ], [ 82.882588907659212, 18.66414830172959 ], [ 82.882553671597378, 18.664388374098227 ], [ 82.882533312805919, 18.664557098614836 ], [ 82.882541140582362, 18.664637543828267 ], [ 82.88257057175467, 18.664955328759131 ], [ 82.88257178608842, 18.664967281352855 ], [ 82.882607704250162, 18.665321037358218 ], [ 82.882637938968983, 18.665589906251153 ], [ 82.882657514594698, 18.665782785939491 ], [ 82.882692811255311, 18.666170096249793 ], [ 82.882704532685779, 18.666271640384238 ], [ 82.882714348608417, 18.666280669108929 ], [ 82.882723161266725, 18.66638084934899 ], [ 82.882805829308325, 18.666449253207407 ], [ 82.883346878545339, 18.66696081211958 ], [ 82.884007767912237, 18.667593295873687 ], [ 82.884541408630582, 18.668103409141491 ], [ 82.884690295560233, 18.668238790982571 ], [ 82.884872208070249, 18.668418126230893 ], [ 82.884930322910506, 18.668476398951551 ], [ 82.884996312589678, 18.668542568780996 ], [ 82.886001792338888, 18.669504619364364 ], [ 82.886028971673085, 18.669492676971672 ], [ 82.886135506370678, 18.669594737033499 ], [ 82.886338920136311, 18.669789582007699 ], [ 82.88642628465189, 18.669879627649127 ], [ 82.886721709873811, 18.67015719768381 ], [ 82.887001036466245, 18.670431404804845 ], [ 82.887153175975271, 18.670576746054881 ], [ 82.887314564536794, 18.67072795937101 ], [ 82.887362103378877, 18.670794666952759 ], [ 82.887578319650075, 18.670999850304369 ], [ 82.887720354824424, 18.671131902303237 ], [ 82.887804995808921, 18.671213826733641 ], [ 82.887907145523414, 18.671325264616375 ], [ 82.888062253375452, 18.671484297900893 ], [ 82.888253164018494, 18.67167592537519 ], [ 82.888337608325998, 18.671760755049867 ], [ 82.888527611669502, 18.671957186605297 ], [ 82.888724707728983, 18.67216135019342 ], [ 82.88882350728737, 18.672262206149757 ], [ 82.888942304090179, 18.672379658754586 ], [ 82.889066191732212, 18.672498108889798 ], [ 82.889114453398122, 18.672553891876507 ], [ 82.889214607224389, 18.672656481146021 ], [ 82.889338265561037, 18.672777126847929 ], [ 82.889437487059752, 18.672883318209628 ], [ 82.889566075272157, 18.673019329842155 ], [ 82.889699066318343, 18.673158570083892 ], [ 82.889843169434641, 18.673304304940736 ], [ 82.889945960593778, 18.673411292074103 ], [ 82.890051212759431, 18.673520776668859 ], [ 82.890150918909015, 18.673618278248021 ], [ 82.890261386085626, 18.673734732362671 ], [ 82.890281208969142, 18.673757045611424 ], [ 82.890345162113505, 18.673829035388483 ], [ 82.890461853002293, 18.673944948775226 ], [ 82.890582286139093, 18.674069398609671 ], [ 82.890596627929995, 18.674083712258295 ], [ 82.890673684304787, 18.674160617239561 ], [ 82.890785779127086, 18.674278728598843 ], [ 82.890906212759958, 18.674403179985848 ], [ 82.891100354413695, 18.674606238380044 ], [ 82.891195418058629, 18.674704842156821 ], [ 82.891284390798788, 18.674797128305151 ], [ 82.8914197792175, 18.674931601849256 ], [ 82.891468700013888, 18.674980191768338 ], [ 82.891655606140219, 18.675176519747879 ], [ 82.891873197310218, 18.675401354115071 ], [ 82.892110882917919, 18.675645117913014 ], [ 82.892388582641644, 18.675931522429682 ], [ 82.892579312077814, 18.676134190600482 ], [ 82.892651006174603, 18.676210068214925 ], [ 82.8927264432633, 18.676260224232596 ], [ 82.892809749178525, 18.676415158199127 ], [ 82.892947927810155, 18.676656326054431 ], [ 82.89303249746456, 18.676806033586516 ], [ 82.89311648425597, 18.676954710740873 ], [ 82.893333722800023, 18.677340106963499 ], [ 82.893518243196127, 18.677664343638074 ], [ 82.893585322289823, 18.677782214261736 ], [ 82.893749115632929, 18.67808960620448 ], [ 82.893963405254141, 18.678468839254531 ], [ 82.894128741929521, 18.678756923862057 ], [ 82.89432383273639, 18.67911092111504 ], [ 82.894492700265729, 18.679405019739665 ], [ 82.894705492135145, 18.679790324984001 ], [ 82.894846850544496, 18.680042101830075 ], [ 82.894855142225481, 18.680053215789279 ], [ 82.894890340339941, 18.680100401068682 ], [ 82.894869457314968, 18.680133253760136 ], [ 82.894888384423382, 18.680141886165941 ], [ 82.894726416571203, 18.680438614242522 ], [ 82.894655098427677, 18.680602295875087 ], [ 82.894620760803591, 18.680720853043592 ], [ 82.894598230265444, 18.680798647734733 ], [ 82.89455972121101, 18.680885094863594 ], [ 82.894548817435577, 18.680909571581427 ], [ 82.894481805256135, 18.681022254983631 ], [ 82.894469498762177, 18.681057665308028 ], [ 82.894456663186858, 18.681094597789709 ], [ 82.894437676913768, 18.681222117088218 ], [ 82.894403598373003, 18.68137423488831 ], [ 82.89440015234203, 18.681424171923215 ], [ 82.894398272057089, 18.681451407766254 ], [ 82.894396103610433, 18.681573381094999 ], [ 82.894399539341663, 18.681609665059266 ], [ 82.894405115712146, 18.681668567621028 ], [ 82.894399617401874, 18.68169769468367 ], [ 82.894391128093275, 18.681742653388579 ], [ 82.894348339801212, 18.681825854404241 ], [ 82.894308801449725, 18.681862371710455 ], [ 82.894255870008465, 18.681911259034397 ], [ 82.894174068562876, 18.682011297669039 ], [ 82.894103284106009, 18.682101817903007 ], [ 82.89409898059084, 18.682130817262824 ], [ 82.894097984121402, 18.682137536002784 ], [ 82.894095663931594, 18.682153171155424 ], [ 82.894135668707619, 18.682217450118674 ], [ 82.894209437253934, 18.682393592792906 ], [ 82.894228404062787, 18.682434087007476 ], [ 82.894258975877278, 18.682499360060053 ], [ 82.894268955425133, 18.682520663654525 ], [ 82.894159515663972, 18.682646926219203 ], [ 82.89409854985557, 18.682717262853622 ], [ 82.894009922232385, 18.682794638905751 ], [ 82.893984599128615, 18.6827936740528 ], [ 82.89392815201596, 18.682791522841462 ], [ 82.893827058741849, 18.682787670388265 ], [ 82.893714081798237, 18.682802878608367 ], [ 82.893608412150286, 18.682849543627597 ], [ 82.893538532187151, 18.682905672797151 ], [ 82.89353100623994, 18.682927305792589 ], [ 82.893522690322428, 18.682951210692433 ], [ 82.893510900427316, 18.682979992902158 ], [ 82.893471502290353, 18.683076172186986 ], [ 82.893428952438612, 18.683180045047976 ], [ 82.893389185870149, 18.683347663842817 ], [ 82.893387514461182, 18.683357369724007 ], [ 82.893379327336774, 18.6834048973462 ], [ 82.893372475214235, 18.683444691000492 ], [ 82.893366358710821, 18.683546763353178 ], [ 82.893330739468595, 18.683629009218009 ], [ 82.89330882387101, 18.683670599993544 ], [ 82.893291236225352, 18.683703975796124 ], [ 82.893167741837019, 18.683876553631059 ], [ 82.893117454899169, 18.683963727397213 ], [ 82.8931245590705, 18.683980996556773 ], [ 82.893148112388417, 18.684038254244545 ], [ 82.893165739386887, 18.684081104614254 ], [ 82.89317977044, 18.684112311154045 ], [ 82.893266139771143, 18.684304395871948 ], [ 82.893285883966996, 18.684348306232692 ], [ 82.893161443306781, 18.684414683089742 ], [ 82.893123298907199, 18.684435023327449 ], [ 82.89304823788342, 18.684485792357609 ], [ 82.892942037808979, 18.684557604190527 ], [ 82.892906889320841, 18.68458242666367 ], [ 82.892875246548286, 18.684658640061613 ], [ 82.892828475571307, 18.684776740680999 ], [ 82.892826289354304, 18.684782261763576 ], [ 82.892759308161075, 18.684951373764854 ], [ 82.892709971103429, 18.685042776644295 ], [ 82.892631796666919, 18.685187585231922 ], [ 82.892592827162858, 18.685302122668503 ], [ 82.892530701454334, 18.685413850148418 ], [ 82.892430634619345, 18.685540103177214 ], [ 82.892421417106647, 18.685551731739949 ], [ 82.892300264961449, 18.685640846156371 ], [ 82.892199843434156, 18.685718119152781 ], [ 82.892035076725222, 18.685844828589769 ], [ 82.892001268529356, 18.685868995081751 ], [ 82.89197161534635, 18.685890191725896 ], [ 82.891818165869438, 18.686014092896549 ], [ 82.891781225608526, 18.686041332705329 ], [ 82.891690545737987, 18.68610820207719 ], [ 82.891648990735078, 18.686138846356794 ], [ 82.891628807458346, 18.68615868178442 ], [ 82.891602720335015, 18.686184317884056 ], [ 82.891587691343346, 18.686209818077803 ], [ 82.891667435552165, 18.686286948848245 ], [ 82.891681550337154, 18.686300600595928 ], [ 82.891676949407724, 18.686334955602678 ], [ 82.89163995234297, 18.686397043000678 ], [ 82.891544059376812, 18.686484649249593 ], [ 82.891411279584617, 18.686552504958765 ], [ 82.89138506691215, 18.68656590116257 ], [ 82.89125507700237, 18.68661601467312 ], [ 82.891223335748606, 18.686637681260109 ], [ 82.891153107533583, 18.686685616620149 ], [ 82.891169499439314, 18.686700905003757 ], [ 82.891198244931189, 18.686727717339167 ], [ 82.891235877437595, 18.686762813728013 ], [ 82.891246997273811, 18.686773184724434 ], [ 82.891288503419233, 18.686811895414689 ], [ 82.891240329734003, 18.6868420381136 ], [ 82.891099140123018, 18.686944549025611 ], [ 82.891024422624852, 18.687047001323865 ], [ 82.891000601556783, 18.687071844808916 ], [ 82.890943318531697, 18.687131588100442 ], [ 82.89092148490937, 18.68719141307049 ], [ 82.890849697033545, 18.687320059825026 ], [ 82.890792455328594, 18.687396861663242 ], [ 82.890594778052332, 18.687533155353208 ], [ 82.890487220323521, 18.687585225828094 ], [ 82.890327454062898, 18.68767932304738 ], [ 82.890226166181762, 18.687735519288012 ], [ 82.890146960558198, 18.687804938337063 ], [ 82.89014031181425, 18.687810765450212 ], [ 82.890107886195096, 18.687839817786273 ], [ 82.890093509334207, 18.687852699773796 ], [ 82.890059690784639, 18.68788300019088 ], [ 82.890017537647452, 18.687901921274463 ], [ 82.890010468887752, 18.687905093893583 ], [ 82.890004019754016, 18.687905502171976 ], [ 82.889947154092582, 18.687909103380985 ], [ 82.889865916608159, 18.687914247427734 ], [ 82.889772695960744, 18.687932373054249 ], [ 82.889753955213294, 18.687941286057676 ], [ 82.889708938362375, 18.687962694997719 ], [ 82.889667220973777, 18.68798253399391 ], [ 82.889662769342394, 18.68798552123458 ], [ 82.889562204121177, 18.688052979850724 ], [ 82.889510338960747, 18.688054283785974 ], [ 82.88934296879448, 18.688029294009979 ], [ 82.889318710454319, 18.688025002361289 ], [ 82.889149131969162, 18.687995002681109 ], [ 82.889074741249559, 18.688047998592541 ], [ 82.889019056579258, 18.688087668757277 ], [ 82.88881179328601, 18.688184305605951 ], [ 82.888808880113046, 18.688185663852273 ], [ 82.88880236139552, 18.688186210108746 ], [ 82.888782111009988, 18.688187904651684 ], [ 82.888747790883471, 18.68819077888665 ], [ 82.888732777153066, 18.688192401720393 ], [ 82.888606225138318, 18.688206081599098 ], [ 82.888447521161467, 18.688135948191544 ], [ 82.888345052698881, 18.688078717370239 ], [ 82.888325039767935, 18.688067540451893 ], [ 82.888142223799733, 18.688065908176117 ], [ 82.887852342236158, 18.688070197433898 ], [ 82.887755035053289, 18.688060736139576 ], [ 82.887732400988725, 18.688058534678827 ], [ 82.887716027341995, 18.688056943246536 ], [ 82.887697103772069, 18.688055101936747 ], [ 82.887668123894485, 18.688052283164975 ], [ 82.887663185877045, 18.688050561281241 ], [ 82.887554007947514, 18.688012482890944 ], [ 82.887538809429273, 18.688007181974164 ], [ 82.887466000021888, 18.688030637144728 ], [ 82.887409337300639, 18.688048890609146 ], [ 82.887364024182432, 18.688097923647078 ], [ 82.887344929977388, 18.688118585165832 ], [ 82.887280390807163, 18.688192640870838 ], [ 82.887169149819499, 18.688320284953871 ], [ 82.887055415612778, 18.688263267030568 ], [ 82.887007057436193, 18.688232537234384 ], [ 82.886996834769235, 18.688226041597616 ], [ 82.886990339156995, 18.688221914236323 ], [ 82.886949739944185, 18.688209748161857 ], [ 82.88689769488289, 18.68821519079145 ], [ 82.886837877994736, 18.688221446058765 ], [ 82.88680799511026, 18.688224570718042 ], [ 82.886625903265852, 18.688256078397 ], [ 82.886451556461353, 18.688286245044523 ], [ 82.886373364307659, 18.688299774915368 ], [ 82.8863418842095, 18.688305221963489 ], [ 82.886337634124004, 18.688305956716562 ], [ 82.886336288884308, 18.688309201732373 ], [ 82.886300774562386, 18.688394889299676 ], [ 82.886211475145416, 18.688696760101134 ], [ 82.886176024759166, 18.689030171139162 ], [ 82.886159700434789, 18.689074050263965 ], [ 82.886122157072165, 18.689174959844749 ], [ 82.886076361588664, 18.689330570583987 ], [ 82.886030226596034, 18.689425388150454 ], [ 82.886013042408308, 18.689460706194737 ], [ 82.885954489294292, 18.689570188957497 ], [ 82.885882520840426, 18.689690489389839 ], [ 82.885749069835256, 18.689924306774486 ], [ 82.885693490586164, 18.690033140741402 ], [ 82.885773755138771, 18.690082137639052 ], [ 82.885551040218132, 18.690205062126623 ], [ 82.885347299280056, 18.690327795634449 ], [ 82.885306438648982, 18.690352686917766 ], [ 82.885256401916109, 18.690383167666482 ], [ 82.885210406600493, 18.690411186647459 ], [ 82.885151835929307, 18.690446866438908 ], [ 82.885107416674629, 18.690484787160127 ], [ 82.885138071851117, 18.690511829682723 ], [ 82.885254626702633, 18.690548837873017 ], [ 82.885393580944879, 18.690555080223451 ], [ 82.885477179922404, 18.690555456670428 ], [ 82.885588888132688, 18.690524495851399 ], [ 82.885622931091333, 18.690503298426034 ], [ 82.885735721624783, 18.690450999912521 ], [ 82.885785178535386, 18.690448983095244 ], [ 82.885831150544078, 18.690455941422339 ], [ 82.886020954073516, 18.690482674401917 ], [ 82.886039422947277, 18.690482980124838 ], [ 82.886128241190136, 18.690484452026549 ], [ 82.886334978253146, 18.690488921568782 ], [ 82.886364861598054, 18.690489567769035 ], [ 82.886475399810379, 18.690506113909517 ], [ 82.886526050589922, 18.690533403144368 ], [ 82.886588974837053, 18.690613934938646 ], [ 82.886619591703251, 18.69067755019443 ], [ 82.886633230179299, 18.690705881145512 ], [ 82.886660031444706, 18.690725759304645 ], [ 82.886684557272574, 18.690736451926846 ], [ 82.886748348979296, 18.690741667858987 ], [ 82.886812335080791, 18.690743808424244 ], [ 82.886920084721652, 18.69073392879115 ], [ 82.887063056870176, 18.690743278735553 ], [ 82.887206945469686, 18.690770573645956 ], [ 82.887258135392756, 18.690780285084326 ], [ 82.887277277199715, 18.690783913866468 ], [ 82.887429664376754, 18.690825064442947 ], [ 82.887626402209477, 18.690884415708485 ], [ 82.887813932332335, 18.690935795639497 ], [ 82.887822955975452, 18.690938267769251 ], [ 82.888001236887476, 18.690998288635207 ], [ 82.888037272868161, 18.691065317230493 ], [ 82.888050889710215, 18.691116130435979 ], [ 82.888031901271745, 18.691188426951253 ], [ 82.888031006623436, 18.691194178006601 ], [ 82.88800756146037, 18.691345038920922 ], [ 82.888150570256116, 18.691424603943762 ], [ 82.888167629968549, 18.691434094109646 ], [ 82.888378599588762, 18.691505063560044 ], [ 82.888529371379917, 18.691547330684894 ], [ 82.888568176058996, 18.691562747702768 ], [ 82.888608167209298, 18.691581462842088 ], [ 82.888605603736764, 18.691611797920245 ], [ 82.888604123912671, 18.691629319922697 ], [ 82.888907666548846, 18.691736451182102 ], [ 82.889097161045996, 18.69179260611384 ], [ 82.889316168794068, 18.69182652702257 ], [ 82.88943741457939, 18.691845305977527 ], [ 82.889442019810701, 18.691859402389746 ], [ 82.889465205367173, 18.691889393117652 ], [ 82.889532875698791, 18.691934086640217 ], [ 82.889629916392238, 18.691981356118479 ], [ 82.88963066459921, 18.691981720782287 ], [ 82.889854075673682, 18.692028341904667 ], [ 82.889996465551974, 18.692026898783489 ], [ 82.890083300059203, 18.692026976713557 ], [ 82.890129681153411, 18.692006087773414 ], [ 82.890189420183461, 18.691964274124423 ], [ 82.89041651344742, 18.691877166166901 ], [ 82.890457618749252, 18.691866505383672 ], [ 82.890470264344287, 18.69186322502404 ], [ 82.8905058677325, 18.691893484311976 ], [ 82.890639879017968, 18.691938390344188 ], [ 82.890655304963673, 18.691943558589038 ], [ 82.890841344932156, 18.691973857648456 ], [ 82.890967347333415, 18.691979697852585 ], [ 82.890985123599393, 18.691975328614863 ], [ 82.890991182898205, 18.691967117901783 ], [ 82.891165117403375, 18.691919825121637 ], [ 82.891367382942505, 18.691902066033805 ], [ 82.891390937792593, 18.691935404402397 ], [ 82.891407137341048, 18.691958331134838 ], [ 82.891462339040814, 18.692055398976237 ], [ 82.891501361881481, 18.692053726162676 ], [ 82.891658601624485, 18.692046985300824 ], [ 82.891696672190037, 18.692045352768353 ], [ 82.891758964176162, 18.692161042226878 ], [ 82.891907783905509, 18.692204550321957 ], [ 82.891922861649022, 18.6921788806508 ], [ 82.891935079422552, 18.692158082079107 ], [ 82.891936437917934, 18.692157574211521 ], [ 82.891938315644325, 18.69215687229406 ], [ 82.892046374953125, 18.692116470449005 ], [ 82.892133306602602, 18.692099867795871 ], [ 82.892349679776345, 18.692058547253978 ], [ 82.892409655245444, 18.69204659709218 ], [ 82.892463174133923, 18.692035934373905 ], [ 82.8924720467881, 18.692041359214326 ], [ 82.892567767664985, 18.692099885993034 ], [ 82.892756857053513, 18.692214579950193 ], [ 82.892886476692695, 18.692322140845317 ], [ 82.892927718299802, 18.692359403723387 ], [ 82.893025688022391, 18.692412806018385 ], [ 82.893080977631755, 18.692481442289623 ], [ 82.893130751085266, 18.692537208326481 ], [ 82.893228976872493, 18.692655841795286 ], [ 82.893366061028658, 18.69279558929426 ], [ 82.893480722188855, 18.692891451695662 ], [ 82.893495225196688, 18.692900307671064 ], [ 82.89359121040134, 18.692958917010525 ], [ 82.893700201593376, 18.693061569578468 ], [ 82.893815191587635, 18.693185861239076 ], [ 82.89383856356811, 18.693258873148356 ], [ 82.893851225758056, 18.693298427262576 ], [ 82.893865276124345, 18.693292405108608 ], [ 82.893871053020888, 18.69331225777551 ], [ 82.893882549529238, 18.693325586114852 ], [ 82.893914367281681, 18.69345009704254 ], [ 82.894206712661372, 18.69368089614559 ], [ 82.894733704153069, 18.693996321614549 ], [ 82.895126062454239, 18.694307899872985 ], [ 82.895345321609511, 18.69445791975815 ], [ 82.89546841376692, 18.694638712040874 ], [ 82.895579967285684, 18.694819505232065 ], [ 82.895620821816678, 18.694930721147909 ], [ 82.895621553340931, 18.694954961979573 ], [ 82.895795260306954, 18.695101349329647 ], [ 82.895985443672814, 18.695231987101923 ], [ 82.896118933371014, 18.695324207136533 ], [ 82.896218271938295, 18.695404692144052 ], [ 82.896221645320225, 18.695407624801806 ], [ 82.896341443092282, 18.695516499121133 ], [ 82.896431178279499, 18.69559805228063 ], [ 82.896439015591397, 18.695607012453504 ], [ 82.896448067543886, 18.695617357903735 ], [ 82.896458599204806, 18.695629395817051 ], [ 82.896458634739375, 18.695629437014126 ], [ 82.896460410178506, 18.695631466165771 ], [ 82.896465529096687, 18.695637317220143 ], [ 82.89648015707121, 18.695654039396342 ], [ 82.89650333866625, 18.695680538398243 ], [ 82.896526040137758, 18.695706486660729 ], [ 82.896536815602801, 18.695715559847237 ], [ 82.896574539655219, 18.69577893135223 ], [ 82.896624893630928, 18.695801089269818 ], [ 82.896733467918111, 18.695908793088073 ], [ 82.896840611687139, 18.695987636771207 ], [ 82.896956734618144, 18.69606908709812 ], [ 82.896965666266865, 18.696075351262586 ], [ 82.897039621896752, 18.696127225267393 ], [ 82.897066280056976, 18.696142672929629 ], [ 82.897177761811719, 18.696207277350915 ], [ 82.897224235363439, 18.696240538315529 ], [ 82.897301814606152, 18.696361854355505 ], [ 82.897323741949236, 18.696407470163976 ], [ 82.897362458166441, 18.696453070554043 ], [ 82.8975628852114, 18.696591428998207 ], [ 82.897613280794459, 18.696548218772076 ], [ 82.897622859264544, 18.696555610123486 ], [ 82.897760173952449, 18.696697059821481 ], [ 82.897997449218181, 18.696901142131427 ], [ 82.89819460941996, 18.697048674399738 ], [ 82.898306356405698, 18.697124649198898 ], [ 82.89835976475068, 18.697175058453443 ], [ 82.898439593029764, 18.697267388100901 ], [ 82.898494700156306, 18.697359275128257 ], [ 82.898518289911877, 18.697398608836775 ], [ 82.898522326668996, 18.697405339854225 ], [ 82.898424832616726, 18.697498472187888 ], [ 82.898662157066966, 18.697676357975094 ], [ 82.89875656358393, 18.697785296095873 ], [ 82.898800258313642, 18.697892847920365 ], [ 82.898801600536984, 18.697913404765792 ], [ 82.8988048140845, 18.697913132817764 ], [ 82.898818174686269, 18.697997996687739 ], [ 82.898849385823809, 18.698182695273751 ], [ 82.898945366852189, 18.698314532077688 ], [ 82.8990963282602, 18.698471996054653 ], [ 82.899473956699154, 18.698889612165672 ], [ 82.899483910978702, 18.698938653589167 ], [ 82.899514986025565, 18.698997553927068 ], [ 82.899596930281575, 18.699098158338757 ], [ 82.899606709987893, 18.69910563696634 ], [ 82.899645891977997, 18.699135604131421 ], [ 82.899781565430331, 18.699240329158361 ], [ 82.899882321079687, 18.699360699805393 ], [ 82.900006116009379, 18.699509742076785 ], [ 82.900036172622805, 18.699522554818252 ], [ 82.90005974679336, 18.699531041828365 ], [ 82.90019579686539, 18.699580023799314 ], [ 82.900337180758854, 18.699693908777085 ], [ 82.900398845531555, 18.699740043661095 ], [ 82.900483847395165, 18.699690710919956 ], [ 82.900699226880946, 18.69990070616991 ], [ 82.900975159114509, 18.700038672433323 ], [ 82.901363971880713, 18.700132739079674 ], [ 82.901558378940905, 18.700176638186878 ], [ 82.901991090114407, 18.700414943011598 ], [ 82.90237990366812, 18.700810027267064 ], [ 82.902543533151359, 18.700960704097781 ], [ 82.902677001189332, 18.701083606553471 ], [ 82.902742848444646, 18.701182378023088 ], [ 82.90289335690548, 18.701290556279023 ], [ 82.903051301088638, 18.701440980434782 ], [ 82.90322095995694, 18.701652423002944 ], [ 82.903286502331554, 18.701743294397112 ], [ 82.903704232667906, 18.701931098696299 ], [ 82.903915152280391, 18.702102062975953 ], [ 82.904074103824001, 18.702260270415191 ], [ 82.904019507069989, 18.702503000817337 ], [ 82.903904165105232, 18.702815219716424 ], [ 82.903951968289377, 18.702839094286887 ], [ 82.904077006631667, 18.702922720088765 ], [ 82.904068840699821, 18.702947670887042 ], [ 82.90405632062479, 18.702971449942016 ], [ 82.90401181012156, 18.703055985889897 ], [ 82.903985747380489, 18.703131967161895 ], [ 82.903986584675835, 18.703162407697008 ], [ 82.904042228822505, 18.703319470997755 ], [ 82.904116866002752, 18.703499923631171 ], [ 82.9041170258932, 18.703540484587599 ], [ 82.904117447741314, 18.703647084003201 ], [ 82.904107832075908, 18.70370167828316 ], [ 82.904107567307065, 18.703703179710612 ], [ 82.904088538549956, 18.703714976269389 ], [ 82.904043035588074, 18.703743183690428 ], [ 82.904043202865097, 18.70374525529008 ], [ 82.904044365614666, 18.703759702367019 ], [ 82.90413869417128, 18.70390307821366 ], [ 82.904177705900238, 18.70396604080743 ], [ 82.90420220020232, 18.703967471373588 ], [ 82.904214819219305, 18.703968207720862 ], [ 82.904267158242831, 18.704025217006329 ], [ 82.904349743064188, 18.704158782784791 ], [ 82.904329743323785, 18.704208691857129 ], [ 82.904255538015377, 18.704326590335203 ], [ 82.90415393763918, 18.704342768947424 ], [ 82.904101935580982, 18.704351050219756 ], [ 82.903983870747908, 18.704369107947571 ], [ 82.903978630570649, 18.704381871090082 ], [ 82.903961926228476, 18.704422556385829 ], [ 82.90391140533454, 18.704456208955314 ], [ 82.90387120464132, 18.704486629114669 ], [ 82.903865281261048, 18.704545609822375 ], [ 82.903865429463082, 18.704624281656855 ], [ 82.903865696171849, 18.704766342837743 ], [ 82.903866277642848, 18.704773574957695 ], [ 82.903871191804868, 18.704834717621001 ], [ 82.903962464556386, 18.704884552371574 ], [ 82.903970236666495, 18.704888795273309 ], [ 82.903996675146004, 18.704865701430045 ], [ 82.904046637843749, 18.704822059304234 ], [ 82.904206891391979, 18.70491666025158 ], [ 82.904309047882677, 18.704915159766028 ], [ 82.904382701445897, 18.704914078031631 ], [ 82.904440610809104, 18.704956027001945 ], [ 82.904455049918496, 18.70496648617279 ], [ 82.904470728699408, 18.704977844273973 ], [ 82.904535857408717, 18.705013690573562 ], [ 82.904580140175483, 18.704988591360124 ], [ 82.904595400031454, 18.704997078191635 ], [ 82.904968140383261, 18.705123418084433 ], [ 82.905574598791702, 18.705315489941121 ], [ 82.906254927395338, 18.705540674933111 ], [ 82.906885912845325, 18.705659511906493 ], [ 82.907180906101374, 18.705728517244278 ], [ 82.907458700094196, 18.705868736647702 ], [ 82.907604663798651, 18.705948724712204 ], [ 82.907637157425853, 18.705965750924427 ], [ 82.907672451921243, 18.705984244644888 ], [ 82.907743163649315, 18.706022706964411 ], [ 82.907793849692993, 18.70606360992198 ], [ 82.907923759650913, 18.706145050280298 ], [ 82.907968534947784, 18.706190795035194 ], [ 82.90804083003701, 18.706295037272792 ], [ 82.908147309719666, 18.706399429187989 ], [ 82.908240764562265, 18.706458107198866 ], [ 82.908537450442665, 18.706692493992797 ], [ 82.908538869922268, 18.706693615105674 ], [ 82.908715473751727, 18.706818640637977 ], [ 82.908815942565184, 18.706876039950622 ], [ 82.908944215049786, 18.706924238567805 ], [ 82.909208588115575, 18.707069292166221 ], [ 82.909208679685648, 18.707069341823484 ], [ 82.909320184901475, 18.707141089961048 ], [ 82.909359052317058, 18.707165520177611 ], [ 82.909475266985567, 18.707238567191908 ], [ 82.909607504693994, 18.707290570668444 ], [ 82.909782291756912, 18.707367299995774 ], [ 82.909940814612426, 18.7074460116384 ], [ 82.910134917382521, 18.707436154756749 ], [ 82.910297611757358, 18.707432434810325 ], [ 82.910303336530447, 18.707432304181602 ], [ 82.910411434769145, 18.707569381039448 ], [ 82.910517658316991, 18.707716370915996 ], [ 82.910729150182405, 18.707964745954087 ], [ 82.910745073354718, 18.707987761099581 ], [ 82.910748274366966, 18.707987203588168 ], [ 82.910925898193256, 18.707938822362536 ], [ 82.9111220042452, 18.707882422764346 ], [ 82.911194552806521, 18.707913195092996 ], [ 82.91131164771177, 18.707907088169904 ], [ 82.911316788446101, 18.707912185991365 ], [ 82.911327457269422, 18.707922767949526 ], [ 82.911509501033379, 18.708146499614898 ], [ 82.911580354574681, 18.708075662584768 ], [ 82.911664982780636, 18.707971531331047 ], [ 82.911843335571504, 18.70778791629289 ], [ 82.911881017056245, 18.707747004669866 ], [ 82.911988521112988, 18.707629512679294 ], [ 82.91199955217408, 18.707607279610741 ], [ 82.912012868434545, 18.707580441208567 ], [ 82.912047442064733, 18.70751075472505 ], [ 82.912110477061205, 18.70743144305904 ], [ 82.912191529597109, 18.707316012301451 ], [ 82.912281361018771, 18.707291273143017 ], [ 82.91236915957667, 18.70728212107807 ], [ 82.912417984329181, 18.707266357267745 ], [ 82.912446971979065, 18.707256997689935 ], [ 82.912497059677435, 18.707240826188155 ], [ 82.912742841693159, 18.707140952589864 ], [ 82.912999286196992, 18.707022112397489 ], [ 82.913023786475932, 18.707016785221533 ], [ 82.91313479994075, 18.706992644306208 ], [ 82.913366669720205, 18.706945992693697 ], [ 82.913497746391556, 18.706995769299816 ], [ 82.913523676290211, 18.707005616225647 ], [ 82.913535364734017, 18.707009320943662 ], [ 82.913597430064272, 18.707028994585514 ], [ 82.913831258198883, 18.707103118811901 ], [ 82.913841445202138, 18.707105076321746 ], [ 82.913867427653102, 18.707110067821798 ], [ 82.913943314256159, 18.707124647785061 ], [ 82.914007569414863, 18.707148598169542 ], [ 82.914217908642584, 18.707187213595596 ], [ 82.914406240430452, 18.707235818379591 ], [ 82.914494180758638, 18.707253612110197 ], [ 82.91462648213232, 18.707261030604041 ], [ 82.914716439686543, 18.707260181968255 ], [ 82.914813422344722, 18.707224712130298 ], [ 82.914818905091209, 18.707222705682284 ], [ 82.915119180028086, 18.707171836941697 ], [ 82.915315020889565, 18.707151323130347 ], [ 82.915338143085165, 18.707148900598529 ], [ 82.91535919870357, 18.707161569591054 ], [ 82.915365696596496, 18.70718009591344 ], [ 82.915375760754415, 18.707208786901358 ], [ 82.915384529032195, 18.707233780897578 ], [ 82.915407090586299, 18.707266953260607 ], [ 82.915504859023457, 18.707344337753931 ], [ 82.915539432807819, 18.707375018616901 ], [ 82.915555778981243, 18.707473035904815 ], [ 82.915566038041973, 18.707526867218323 ], [ 82.915590109857689, 18.707590014054222 ], [ 82.915607562957291, 18.707600156911646 ], [ 82.915703873289544, 18.707656126795616 ], [ 82.915765367697546, 18.707683070601188 ], [ 82.915850690461113, 18.707720455204356 ], [ 82.916034544968241, 18.707811359334283 ], [ 82.916094680091192, 18.707841092143525 ], [ 82.916109617354081, 18.707848478223767 ], [ 82.916132002219825, 18.7078594577318 ], [ 82.91629897508281, 18.707941359337042 ], [ 82.916329111417753, 18.707956141430827 ], [ 82.916406643835316, 18.707999547941629 ], [ 82.91641970600044, 18.708006861024753 ], [ 82.916567974144613, 18.708089866984075 ], [ 82.916682846163312, 18.708155525973176 ], [ 82.916731306596404, 18.7081800741515 ], [ 82.916750697461367, 18.708182121645351 ], [ 82.916772366355744, 18.708184408723113 ], [ 82.916990291072494, 18.70815093839396 ], [ 82.917136025447931, 18.708117743845705 ], [ 82.917153186554174, 18.708117020820602 ], [ 82.91716154442166, 18.708116668812863 ], [ 82.917303806110908, 18.708183184552272 ], [ 82.917504912753628, 18.70827772021941 ], [ 82.917705782385084, 18.708375097438655 ], [ 82.917785309566, 18.70841594077401 ], [ 82.917821451974987, 18.708434503268631 ], [ 82.917843015617152, 18.708471439090715 ], [ 82.917893723945113, 18.708558295279168 ], [ 82.917897561915424, 18.708563194842156 ], [ 82.917962419873604, 18.708645999015673 ], [ 82.917990643643734, 18.708671157783858 ], [ 82.918018695998441, 18.708696163821585 ], [ 82.918018883710403, 18.708696331737926 ], [ 82.918180994439169, 18.70879881628699 ], [ 82.918369821895411, 18.708893673557768 ], [ 82.918513439920872, 18.708968135988787 ], [ 82.918613858898695, 18.708920611170296 ], [ 82.9186725917898, 18.708960862076168 ], [ 82.918705915174783, 18.708980375609457 ], [ 82.918765998856841, 18.709015561788632 ], [ 82.918797554793713, 18.709034040950797 ], [ 82.918914575966198, 18.709115201220882 ], [ 82.918996002670625, 18.709171674890097 ], [ 82.919160011199722, 18.709295148338533 ], [ 82.919555578915237, 18.709613325341731 ], [ 82.919617239687909, 18.709516090430569 ], [ 82.919668322808434, 18.709439350698258 ], [ 82.919717531153665, 18.709468612400155 ], [ 82.919737673199592, 18.709485126006779 ], [ 82.919870270760157, 18.709593841166882 ], [ 82.919895469329418, 18.709612918262387 ], [ 82.920103086107886, 18.709795631015179 ], [ 82.920126412338348, 18.709797405642796 ], [ 82.920259523593415, 18.709807533592141 ], [ 82.9203666490112, 18.709919760694234 ], [ 82.920460632864049, 18.710092825758842 ], [ 82.920460309339276, 18.710093560821285 ], [ 82.920473502991285, 18.710116525297796 ], [ 82.920459694354946, 18.710173545214541 ], [ 82.920434494701297, 18.710224096161078 ], [ 82.920432121292933, 18.710228259823232 ], [ 82.920420189258977, 18.71024919985415 ], [ 82.920507029612807, 18.710289139443766 ], [ 82.920568902310251, 18.710368766107557 ], [ 82.920583782840666, 18.710386964157298 ], [ 82.92062817446498, 18.710441249190222 ], [ 82.920666432699051, 18.710458465917409 ], [ 82.920787905833237, 18.710437422905592 ], [ 82.920878806707393, 18.710629326084117 ], [ 82.920933290893785, 18.710672716563657 ], [ 82.921388575800393, 18.710968270298501 ], [ 82.921529851689186, 18.711034292115883 ], [ 82.921567402382991, 18.711046260875047 ], [ 82.921787613292366, 18.711116449714705 ], [ 82.921790943281721, 18.711118496970364 ], [ 82.92208450693262, 18.710909969885524 ], [ 82.922454061674742, 18.710628835999309 ], [ 82.922422321393952, 18.71042705435973 ] ] ] } },
{ "type": "Feature", "properties": { "OBJECTID": 2, "VILL_NAME": "Sundhiput", "Shape_Leng": 14177.546569599999, "Shape_Area": 4241265.4347799998 }, "geometry": { "type": "Polygon", "coordinates": [ [ [ 82.919846370296611, 18.721419013573211 ], [ 82.919784503797004, 18.721014505306606 ], [ 82.920936163452382, 18.721045438443696 ], [ 82.921364466428201, 18.721066853810989 ], [ 82.921866531529574, 18.720945501178889 ], [ 82.922480433108404, 18.720821768860766 ], [ 82.922970602351157, 18.720657585678012 ], [ 82.923215685672304, 18.720569546185704 ], [ 82.923513118934224, 18.720595719873248 ], [ 82.923774860049335, 18.720728969765172 ], [ 82.923974734354786, 18.720555269147148 ], [ 82.924307858757928, 18.720676621766248 ], [ 82.924483939044435, 18.720536233651323 ], [ 82.925000251594355, 18.720815751261352 ], [ 82.92534230036766, 18.720991236057806 ], [ 82.925565373943243, 18.721089389401499 ], [ 82.925782500126033, 18.721136977773231 ], [ 82.925963934149379, 18.721083440061921 ], [ 82.926091829527707, 18.720952569966776 ], [ 82.926421980251746, 18.721000158730497 ], [ 82.926692643648266, 18.721050723057836 ], [ 82.927001974015155, 18.721050723136891 ], [ 82.927254792290114, 18.72113995272273 ], [ 82.927587916267669, 18.721205387703421 ], [ 82.928184268957835, 18.721324360572687 ], [ 82.928350860933662, 18.721283918928716 ], [ 82.928440796314973, 18.721267561224597 ], [ 82.928635912233844, 18.721231869225125 ], [ 82.928907170534274, 18.721215213102422 ], [ 82.929107044890742, 18.721084343241216 ], [ 82.929285504746545, 18.720998682421332 ], [ 82.929447081991853, 18.720967729179158 ], [ 82.929447214048082, 18.720968337604262 ], [ 82.929452686466405, 18.720966655130322 ], [ 82.929712523443968, 18.721013768119342 ], [ 82.930025779354111, 18.72114773100299 ], [ 82.930174494738537, 18.721457060602862 ], [ 82.93026967391512, 18.721611725737102 ], [ 82.930534388938256, 18.721549266162718 ], [ 82.930751514870025, 18.72137378015157 ], [ 82.930992435286711, 18.721254807383875 ], [ 82.931156022922565, 18.721159629251432 ], [ 82.931438584042468, 18.721049579315725 ], [ 82.931584326155701, 18.721082296440944 ], [ 82.931721144580763, 18.721239936145523 ], [ 82.931956858318856, 18.721271526167985 ], [ 82.932009655169566, 18.721278601563696 ], [ 82.932423085995921, 18.721269679115547 ], [ 82.932702673182078, 18.721219115172236 ], [ 82.932842465714074, 18.721106090926938 ], [ 82.93301200272073, 18.721052552803151 ], [ 82.933026237591861, 18.721042278937219 ], [ 82.933019972063249, 18.720943090554538 ], [ 82.93301280717597, 18.720829675918946 ], [ 82.932955353572709, 18.720740727236834 ], [ 82.932881052218377, 18.720625692826523 ], [ 82.932806814687765, 18.720510758897799 ], [ 82.932859213446434, 18.720228616869534 ], [ 82.932997888464172, 18.720155978169409 ], [ 82.933113141259611, 18.720095606986145 ], [ 82.933153852778901, 18.720047447418185 ], [ 82.93344365082892, 18.719704637969723 ], [ 82.933592112343135, 18.719642490937776 ], [ 82.933790282604434, 18.719559536034161 ], [ 82.933949835218812, 18.719452407642919 ], [ 82.934072425360611, 18.719370098267873 ], [ 82.934338444768713, 18.719112138730907 ], [ 82.934495638260216, 18.718769538323269 ], [ 82.934805994632669, 18.718559947308009 ], [ 82.935096197770193, 18.718269742806527 ], [ 82.935676605291334, 18.717693367165399 ], [ 82.936152215916522, 18.717237908890805 ], [ 82.936270872154012, 18.717140407887527 ], [ 82.936579540051682, 18.716842445637951 ], [ 82.936657282434041, 18.716691054197224 ], [ 82.936685924113959, 18.71660103674763 ], [ 82.936655570096761, 18.716442524034722 ], [ 82.936746035208927, 18.716398326589974 ], [ 82.936773998806061, 18.716384642097683 ], [ 82.936779817991066, 18.71638179408988 ], [ 82.936783396059482, 18.716380043376574 ], [ 82.936887154280143, 18.716329269109263 ], [ 82.936944171338581, 18.716301366657103 ], [ 82.937119687661195, 18.716236450376716 ], [ 82.937225316581262, 18.716211007329179 ], [ 82.937415154525453, 18.716215751604249 ], [ 82.937475627555926, 18.716209931686215 ], [ 82.937552814727127, 18.716207714105437 ], [ 82.937732949280232, 18.716223305067242 ], [ 82.937822439774777, 18.716238059335307 ], [ 82.93787571006068, 18.716251202632545 ], [ 82.937913870836226, 18.716260618585675 ], [ 82.937961676409444, 18.716268941931322 ], [ 82.93807667386686, 18.716275666707276 ], [ 82.93823351330046, 18.71629785800814 ], [ 82.938244537263216, 18.71629998342717 ], [ 82.938261328805808, 18.716303220854197 ], [ 82.938430528952537, 18.716335847338566 ], [ 82.938433336413524, 18.71633661055294 ], [ 82.938470685617901, 18.716346771043515 ], [ 82.93847899864457, 18.71634903200464 ], [ 82.938482124819942, 18.716350058417905 ], [ 82.938505567787374, 18.716357753840111 ], [ 82.938517555977327, 18.716366201975994 ], [ 82.938525801848783, 18.716380288004554 ], [ 82.938527284144527, 18.716382821106958 ], [ 82.938571352362402, 18.716448366181321 ], [ 82.938581405701072, 18.716463318816043 ], [ 82.938585866234121, 18.716469952264212 ], [ 82.938604740343152, 18.716487459617646 ], [ 82.938629655255511, 18.716506342635569 ], [ 82.938633350619199, 18.716509144625594 ], [ 82.938680319352073, 18.71653611864113 ], [ 82.938706628580931, 18.716551229145587 ], [ 82.938716310331785, 18.716556787729271 ], [ 82.938731259847643, 18.716563941367966 ], [ 82.938745393163302, 18.716568609214008 ], [ 82.938765623777485, 18.716570875997508 ], [ 82.938779717439019, 18.716570734643017 ], [ 82.938907731203244, 18.716569455706374 ], [ 82.939140992877441, 18.716563133069734 ], [ 82.939168366126168, 18.716558889268963 ], [ 82.939185287070259, 18.716556509845578 ], [ 82.939194012700909, 18.716552715647303 ], [ 82.93925017582265, 18.716496102835013 ], [ 82.939262872717848, 18.716483304161887 ], [ 82.939313977885291, 18.716410824295156 ], [ 82.93933729116101, 18.716375382643353 ], [ 82.939348045978292, 18.71634243064322 ], [ 82.939347979855185, 18.71633322315262 ], [ 82.939343746173193, 18.71632204155658 ], [ 82.939336617768191, 18.716315996749401 ], [ 82.939210071568795, 18.716304028930782 ], [ 82.939179518064279, 18.716302000951842 ], [ 82.939155312061771, 18.716302221723762 ], [ 82.939148734910034, 18.716302282583648 ], [ 82.939102526992954, 18.716290231913657 ], [ 82.93908780014192, 18.716286391412055 ], [ 82.939084409169411, 18.716285506871102 ], [ 82.93903924156065, 18.716273727271069 ], [ 82.939036007377666, 18.71627254118324 ], [ 82.938983837710111, 18.71625340644017 ], [ 82.938926344990605, 18.716240964833595 ], [ 82.938904730823296, 18.716239999705145 ], [ 82.93887079845112, 18.716193156419422 ], [ 82.938844857440614, 18.716129588300916 ], [ 82.938837515352432, 18.716109787169103 ], [ 82.938826930685025, 18.71608124323738 ], [ 82.938826649541298, 18.716080782712073 ], [ 82.938793056406595, 18.716025768414891 ], [ 82.938778189198928, 18.716001129860189 ], [ 82.938752877623173, 18.715959171345158 ], [ 82.93874406216149, 18.715944687409014 ], [ 82.938731474643021, 18.715923999234974 ], [ 82.938703806258218, 18.715853855176135 ], [ 82.938693372114216, 18.715815473645911 ], [ 82.938681351753246, 18.715799126674195 ], [ 82.938671095757812, 18.715794005844614 ], [ 82.938651786002765, 18.715796079300254 ], [ 82.938622840266589, 18.715802677244682 ], [ 82.938618553537978, 18.715804469653218 ], [ 82.938595620592736, 18.715814064220918 ], [ 82.93856727893035, 18.71582816120846 ], [ 82.938533811589238, 18.715840234358687 ], [ 82.938521806871492, 18.715844639719698 ], [ 82.938477363471279, 18.715860951290544 ], [ 82.938408291264068, 18.715886301298561 ], [ 82.938378644376115, 18.715897182172821 ], [ 82.93836328891318, 18.715902818275506 ], [ 82.938273245469787, 18.715935866150581 ], [ 82.938255709049784, 18.715943052431911 ], [ 82.938228985893659, 18.715954003307317 ], [ 82.938194855026552, 18.715964429172281 ], [ 82.938179047047612, 18.715967213446543 ], [ 82.938158526784477, 18.715967892811033 ], [ 82.938119974057003, 18.715969169783889 ], [ 82.938115780352376, 18.715969308932038 ], [ 82.938073399838217, 18.715969806130712 ], [ 82.938015208079506, 18.71597255190823 ], [ 82.9378779241909, 18.715979063637388 ], [ 82.937823986978231, 18.715986511716075 ], [ 82.937775965684366, 18.715990618398742 ], [ 82.937750801636, 18.715988298645925 ], [ 82.937730684221677, 18.715977321059778 ], [ 82.937688764343676, 18.715938612908914 ], [ 82.937656132012592, 18.715908481154919 ], [ 82.937628348957659, 18.715882825183698 ], [ 82.93759600608378, 18.715847557400917 ], [ 82.937584678724406, 18.715840351742408 ], [ 82.937564059363893, 18.715841652689804 ], [ 82.937496864033491, 18.715851340880455 ], [ 82.937486640887641, 18.715854510893418 ], [ 82.937430889257953, 18.715871798301077 ], [ 82.937355606753627, 18.715895139803102 ], [ 82.937211486415947, 18.715943372226061 ], [ 82.937149442264854, 18.715970315847891 ], [ 82.936965848923904, 18.71603551891458 ], [ 82.936961208331496, 18.716035878566576 ], [ 82.936961195630232, 18.716035679050204 ], [ 82.936841848598377, 18.716039786748148 ], [ 82.936769014602191, 18.716042294177125 ], [ 82.936737770244648, 18.716043369734166 ], [ 82.93666011253616, 18.716039481352741 ], [ 82.936711383470509, 18.715934091951709 ], [ 82.936727750197733, 18.715676315733841 ], [ 82.936797082772429, 18.715338705555183 ], [ 82.936870234809106, 18.715068934294347 ], [ 82.936912945808402, 18.71492397573742 ], [ 82.936943070431298, 18.714890445953007 ], [ 82.937084996820133, 18.714641732357922 ], [ 82.937237746233549, 18.714426493650798 ], [ 82.937353821948633, 18.714311661220687 ], [ 82.937430653404519, 18.714234758421942 ], [ 82.937567319161261, 18.714037357816697 ], [ 82.937746785208361, 18.713762615755869 ], [ 82.937935350174811, 18.71347055192583 ], [ 82.938011705221626, 18.713354053162014 ], [ 82.938155300423858, 18.713112001298128 ], [ 82.938158102929805, 18.71302039004452 ], [ 82.938463476067952, 18.712760006824009 ], [ 82.938464750064469, 18.71275890687269 ], [ 82.93849811710102, 18.712730096035529 ], [ 82.93864463489551, 18.712603586120089 ], [ 82.938762101831628, 18.712474587084792 ], [ 82.938801715000025, 18.712431084894249 ], [ 82.938813187144945, 18.712418486846151 ], [ 82.938963802530466, 18.712273310175277 ], [ 82.93901536331046, 18.712234147913051 ], [ 82.939200489550956, 18.712132939282533 ], [ 82.939390678650994, 18.712030270608324 ], [ 82.939524027050695, 18.7119747351584 ], [ 82.939638010291034, 18.711927773552635 ], [ 82.939839218649041, 18.711903627111305 ], [ 82.939969179447289, 18.711897067176078 ], [ 82.94028447611457, 18.711883416039619 ], [ 82.94059080184546, 18.711943875001538 ], [ 82.940792331871492, 18.711871323715037 ], [ 82.941466374649195, 18.711624652335768 ], [ 82.941527460163385, 18.711555202436742 ], [ 82.941724037618997, 18.711417372586791 ], [ 82.941887651734618, 18.71129740799449 ], [ 82.942046756793204, 18.711176210824863 ], [ 82.942118719355491, 18.711152883085504 ], [ 82.942207638742275, 18.711148808572702 ], [ 82.942252060459225, 18.711151666214892 ], [ 82.942262869631605, 18.711152360884448 ], [ 82.942303638627351, 18.711154982654591 ], [ 82.942465032108629, 18.711101478906002 ], [ 82.942517429621148, 18.711073265108407 ], [ 82.942671054128084, 18.710879830287166 ], [ 82.942734922248349, 18.710828800051409 ], [ 82.943078202357668, 18.710578029254457 ], [ 82.943078333275864, 18.710577953819545 ], [ 82.943078299247261, 18.710558040942018 ], [ 82.943078266394139, 18.710538895022829 ], [ 82.943078249065394, 18.710528911034167 ], [ 82.943027036747495, 18.710489625588959 ], [ 82.943002977641399, 18.710471170573044 ], [ 82.942883783670496, 18.710376059144831 ], [ 82.942873971001916, 18.710368229206594 ], [ 82.942840027872805, 18.710342251213888 ], [ 82.942816284858736, 18.710317683325318 ], [ 82.942629744917639, 18.71012466321212 ], [ 82.942581059421244, 18.71007657959456 ], [ 82.942541168753564, 18.710026644094096 ], [ 82.942539950994387, 18.710029011834163 ], [ 82.942534845336496, 18.710038941434401 ], [ 82.942502988360616, 18.710070534115662 ], [ 82.942480611688026, 18.71009272458587 ], [ 82.942439079351445, 18.710138393775431 ], [ 82.942392653883928, 18.710189442729163 ], [ 82.942363824276157, 18.71022147557262 ], [ 82.942317861658907, 18.710272545911028 ], [ 82.942257363756909, 18.710332695933516 ], [ 82.942236190460335, 18.710353506185704 ], [ 82.942215277210281, 18.71038181542049 ], [ 82.942206828366395, 18.710394125749794 ], [ 82.942186097550703, 18.710431191374912 ], [ 82.942156353755337, 18.710498087934649 ], [ 82.942141647363172, 18.710530878642782 ], [ 82.942128656633514, 18.710548444041954 ], [ 82.942120745675922, 18.710556383653373 ], [ 82.942096900012899, 18.710575222409148 ], [ 82.942063633430365, 18.710594552683787 ], [ 82.942027090733347, 18.710620227932839 ], [ 82.942024667965782, 18.710621929720361 ], [ 82.942012531349292, 18.710629605975765 ], [ 82.941989324555621, 18.710644283445845 ], [ 82.94196330585163, 18.71065456168051 ], [ 82.941948737183338, 18.710660718356344 ], [ 82.941948398087206, 18.710660745358759 ], [ 82.941926325298653, 18.710662478257277 ], [ 82.941875007375202, 18.710664838564011 ], [ 82.94185334521454, 18.710665834555776 ], [ 82.941810324819272, 18.710672027720378 ], [ 82.9417936692372, 18.710674426263665 ], [ 82.94177313915354, 18.710681079234071 ], [ 82.941754455352864, 18.710687270411754 ], [ 82.941738087285771, 18.710694758333315 ], [ 82.941730017804304, 18.710698612674115 ], [ 82.941716199616693, 18.710708059802052 ], [ 82.941710665762642, 18.710713372121273 ], [ 82.941698946303845, 18.71072462323324 ], [ 82.941673655770941, 18.710764813886541 ], [ 82.941642739293258, 18.710832818337881 ], [ 82.941638846200306, 18.710841009894413 ], [ 82.941632656806391, 18.710848444725009 ], [ 82.94162042015715, 18.710857991994338 ], [ 82.94160817511019, 18.710865972886062 ], [ 82.94147252964774, 18.71097952338895 ], [ 82.941386041965316, 18.711057943259231 ], [ 82.94134052919577, 18.711099213364918 ], [ 82.941258290157307, 18.711178010139363 ], [ 82.94125587624761, 18.711180323415835 ], [ 82.941226891449077, 18.711208094660652 ], [ 82.94113307505431, 18.711297982910839 ], [ 82.941112182159074, 18.711317217361685 ], [ 82.941054717563389, 18.711344241133986 ], [ 82.941013053408327, 18.711359804412233 ], [ 82.940969979559938, 18.711374543946935 ], [ 82.940916174836687, 18.711328893336386 ], [ 82.940910036954634, 18.711331706814143 ], [ 82.940864331038767, 18.711352657240447 ], [ 82.94084945128705, 18.711359477432993 ], [ 82.940773480683006, 18.711382863385733 ], [ 82.940738211866133, 18.711384526870393 ], [ 82.940693542349564, 18.711375992778475 ], [ 82.940680223027158, 18.711368429406562 ], [ 82.940628366974039, 18.711310009090848 ], [ 82.940470136720876, 18.71118884303354 ], [ 82.940353860627496, 18.711108357987243 ], [ 82.94034956677217, 18.711081169092829 ], [ 82.940355293956614, 18.710996214434115 ], [ 82.940409551751529, 18.710741065864681 ], [ 82.94044487253025, 18.710730503599066 ], [ 82.940478971648716, 18.710720308105106 ], [ 82.940484262565377, 18.710711148120112 ], [ 82.940509024031556, 18.710699353678045 ], [ 82.940545090983349, 18.710685722104497 ], [ 82.940541619087867, 18.710624123907341 ], [ 82.940529551321717, 18.710609749605553 ], [ 82.940512701076031, 18.710589681128972 ], [ 82.940502888092482, 18.710577992716434 ], [ 82.940490152362301, 18.710562823125905 ], [ 82.94047621267174, 18.710528874748753 ], [ 82.940410852703963, 18.710369697231627 ], [ 82.940352286672763, 18.7102330501436 ], [ 82.940334986901803, 18.710151200368699 ], [ 82.940325151036632, 18.710104666916198 ], [ 82.940302246963469, 18.709945140923089 ], [ 82.94029895582544, 18.709808271016556 ], [ 82.940280753999204, 18.709808838918121 ], [ 82.940120338947636, 18.709813847884281 ], [ 82.940092889314101, 18.709814704844533 ], [ 82.940064316756363, 18.709622223374637 ], [ 82.939928476170635, 18.709637945690471 ], [ 82.93973205484825, 18.709638602391657 ], [ 82.939596361784851, 18.709596584140396 ], [ 82.93951983125055, 18.709561822780547 ], [ 82.939454584104496, 18.709532186929057 ], [ 82.939428520783849, 18.709489483678961 ], [ 82.938963309221108, 18.709235440109623 ], [ 82.938935031131379, 18.709219997595287 ], [ 82.938941800796798, 18.709209067978467 ], [ 82.938979074801182, 18.709162439909818 ], [ 82.939004779939623, 18.709108841798837 ], [ 82.939113483796433, 18.708853261034186 ], [ 82.939212150214658, 18.708632933828909 ], [ 82.939298721173685, 18.708476981262756 ], [ 82.939359660887959, 18.708386510052534 ], [ 82.939363745668871, 18.708380490996031 ], [ 82.939536342604598, 18.708197485133006 ], [ 82.939583154341435, 18.70817229941602 ], [ 82.93964676095959, 18.708138074952469 ], [ 82.939725193601248, 18.708081860433541 ], [ 82.939806374354404, 18.707915109335602 ], [ 82.939828983066704, 18.707895549231043 ], [ 82.939865366532473, 18.707864071839406 ], [ 82.939868382852424, 18.707861463263868 ], [ 82.93986731030364, 18.707857610598779 ], [ 82.939852345174913, 18.707803866087033 ], [ 82.939833354881202, 18.707735670270505 ], [ 82.939912024160265, 18.707708382266745 ], [ 82.939971043346745, 18.707687911322406 ], [ 82.940082152641892, 18.707794075679448 ], [ 82.940083016232677, 18.707794900560884 ], [ 82.940171029311855, 18.707740085403017 ], [ 82.940167049328949, 18.707721534995123 ], [ 82.940130387212307, 18.707550633219761 ], [ 82.940151055132617, 18.707513440175426 ], [ 82.940164974935087, 18.707508344619665 ], [ 82.940390938449539, 18.707425631068478 ], [ 82.940507628130916, 18.70739481079675 ], [ 82.940560304638637, 18.707380897969127 ], [ 82.940560440748712, 18.707380862231133 ], [ 82.940569150700782, 18.707378562362702 ], [ 82.940569752381805, 18.70738086156414 ], [ 82.940590060373836, 18.707458589684691 ], [ 82.940622100844749, 18.707534695784364 ], [ 82.94067465290118, 18.707623248555084 ], [ 82.940690907208648, 18.70764886366074 ], [ 82.940711434373057, 18.707681214398463 ], [ 82.94075293760109, 18.707746620371097 ], [ 82.940760331384809, 18.707758257955962 ], [ 82.940869144795997, 18.707864152883364 ], [ 82.94088441594063, 18.707878456059863 ], [ 82.940918349580599, 18.707910237903146 ], [ 82.94092554399829, 18.707915782424511 ], [ 82.940928441088857, 18.707918015390302 ], [ 82.940930820867592, 18.707924847413064 ], [ 82.940928301826133, 18.707928496067211 ], [ 82.940917627896582, 18.707943961411701 ], [ 82.940909087292553, 18.707958366673576 ], [ 82.940910626834039, 18.707968083768545 ], [ 82.940911980148769, 18.707969453733238 ], [ 82.940918692051866, 18.707976248113074 ], [ 82.940939096099243, 18.707986495232561 ], [ 82.940949211826052, 18.707991574967792 ], [ 82.941008990963411, 18.708025261723133 ], [ 82.941024734828716, 18.708034129758797 ], [ 82.94110029975765, 18.708009719069562 ], [ 82.941315035292448, 18.707940348014723 ], [ 82.941327761124697, 18.707968706140665 ], [ 82.941331154155947, 18.707976266626485 ], [ 82.941341274943341, 18.707998823117329 ], [ 82.941365858940202, 18.708053607886946 ], [ 82.941387944378036, 18.708102783239827 ], [ 82.941441212323284, 18.708235663607841 ], [ 82.94145626433432, 18.708273212117135 ], [ 82.941459473697577, 18.708281209029106 ], [ 82.941463012903043, 18.708290030021576 ], [ 82.941518574650786, 18.708268821115016 ], [ 82.941563583232295, 18.708251641310429 ], [ 82.941604130794147, 18.708236165423788 ], [ 82.941629997955886, 18.708224017930942 ], [ 82.941649693259407, 18.708214770100962 ], [ 82.941729917023423, 18.708166699192546 ], [ 82.941780613960319, 18.708133333223167 ], [ 82.941933454673503, 18.708032747774542 ], [ 82.942118879354254, 18.707927175716559 ], [ 82.942248391676742, 18.707853456277316 ], [ 82.942357199735795, 18.707804827782123 ], [ 82.942421772268375, 18.7077759738625 ], [ 82.942463816133738, 18.707755725086628 ], [ 82.942529275821258, 18.70772419876776 ], [ 82.94260303081245, 18.707688684730417 ], [ 82.942772411360096, 18.707607141226376 ], [ 82.9429751120595, 18.707541088387 ], [ 82.942980662350209, 18.707538804907813 ], [ 82.943013107303472, 18.707525457101475 ], [ 82.943118745829921, 18.70748199497601 ], [ 82.943221385111912, 18.707445624724599 ], [ 82.943238918607591, 18.707444338073095 ], [ 82.943249050611769, 18.707448350619156 ], [ 82.943271289981595, 18.707475769793248 ], [ 82.94331424462635, 18.707528727739263 ], [ 82.943357714239269, 18.707578046933115 ], [ 82.943376894118828, 18.707599803807547 ], [ 82.943387533555821, 18.707610393118557 ], [ 82.943391439980076, 18.707610852176533 ], [ 82.943408397628758, 18.707584213568058 ], [ 82.943415875888476, 18.707559489062788 ], [ 82.943432297268615, 18.707498017116428 ], [ 82.943445707458565, 18.707447815363789 ], [ 82.943469927035537, 18.70738847130891 ], [ 82.943478272442547, 18.707376752822508 ], [ 82.943491596724343, 18.707358042925321 ], [ 82.943625017675004, 18.707184643647452 ], [ 82.943663974898769, 18.707139869123509 ], [ 82.943666609977697, 18.707136840760654 ], [ 82.943686431576197, 18.707118420298798 ], [ 82.943711798165708, 18.707094848155887 ], [ 82.943747286985072, 18.707065969351572 ], [ 82.943780851449802, 18.707017768208015 ], [ 82.94395231532738, 18.706740949850658 ], [ 82.944096233104474, 18.706526075600607 ], [ 82.944218135277012, 18.706319327021291 ], [ 82.944223411202586, 18.706311621552921 ], [ 82.944229195289935, 18.706306987728283 ], [ 82.944240756869533, 18.706297723760432 ], [ 82.944265809788973, 18.706292766266071 ], [ 82.944319617788977, 18.706286428188712 ], [ 82.944434529106687, 18.706276095550013 ], [ 82.944481539438939, 18.706269734004604 ], [ 82.944539064097143, 18.70626251806128 ], [ 82.944574014443305, 18.706257892356234 ], [ 82.94458732822909, 18.706248734853947 ], [ 82.944604071934137, 18.70622563511569 ], [ 82.944644289546034, 18.706163852039968 ], [ 82.944682175141807, 18.706105650670111 ], [ 82.944726667197472, 18.706027759307993 ], [ 82.944746794092296, 18.70599252276315 ], [ 82.944763282237204, 18.705963655772614 ], [ 82.944765063966045, 18.705960536880433 ], [ 82.944777194178585, 18.705920568296079 ], [ 82.944811381885657, 18.705802764079881 ], [ 82.944836644364372, 18.705707400315003 ], [ 82.944842609233035, 18.705693951215029 ], [ 82.944852614080702, 18.705681203672555 ], [ 82.944887594365014, 18.705657144080948 ], [ 82.944908170666665, 18.705641078923684 ], [ 82.945078557980978, 18.705508058425593 ], [ 82.945260970997197, 18.705353995192731 ], [ 82.945311207259351, 18.705311565931243 ], [ 82.945329551722921, 18.705296072251631 ], [ 82.94534049875169, 18.705286467706109 ], [ 82.945348195034001, 18.705274295166401 ], [ 82.94538237556317, 18.705174068032129 ], [ 82.945391988647216, 18.705145881240931 ], [ 82.945403798897644, 18.705115673364617 ], [ 82.945452707677276, 18.704990550648699 ], [ 82.945471679258844, 18.704952297001867 ], [ 82.945482098655816, 18.704931287327003 ], [ 82.945648909120848, 18.70464289135613 ], [ 82.945732107081639, 18.704522373084281 ], [ 82.94574024611083, 18.704506227385593 ], [ 82.945742579799486, 18.704476098002328 ], [ 82.945742592698267, 18.704435351793524 ], [ 82.94574846961774, 18.70429050327467 ], [ 82.945755045912392, 18.704187423423441 ], [ 82.945757696138784, 18.704147086166945 ], [ 82.945762437631046, 18.704074902006628 ], [ 82.94577217719484, 18.703957619790586 ], [ 82.94577788238125, 18.703888880152096 ], [ 82.945757806061891, 18.703830821431811 ], [ 82.945757795273494, 18.703830789925497 ], [ 82.945772322203496, 18.703785058144973 ], [ 82.945783082213111, 18.703760846956545 ], [ 82.945823059262509, 18.703711107351324 ], [ 82.945831935079468, 18.703702277708189 ], [ 82.945909053610393, 18.703661505187931 ], [ 82.945972803424041, 18.703627801271438 ], [ 82.945991760368443, 18.703619380977713 ], [ 82.945997058466403, 18.703617027769745 ], [ 82.945999838149234, 18.703615792896432 ], [ 82.946015103961599, 18.703607991797789 ], [ 82.946018796704465, 18.703606104237263 ], [ 82.946027924751547, 18.703601426613961 ], [ 82.946033168802558, 18.703591030266534 ], [ 82.946033189201984, 18.703590990305994 ], [ 82.946033532240847, 18.703566684906299 ], [ 82.946006036474685, 18.703401730351576 ], [ 82.946005278211601, 18.70339254000406 ], [ 82.946004988820519, 18.7033890360856 ], [ 82.946006722213752, 18.703380698857558 ], [ 82.946021297756062, 18.703366422268331 ], [ 82.946086121072042, 18.703297357899512 ], [ 82.946175547961076, 18.703202080311868 ], [ 82.946182325219354, 18.703194859684821 ], [ 82.946210510794515, 18.703156159801736 ], [ 82.946225357700854, 18.703135771723087 ], [ 82.946244916073027, 18.703108572015324 ], [ 82.946250289380941, 18.703094475882036 ], [ 82.946259063729968, 18.703054973897508 ], [ 82.946257132849993, 18.702963964819141 ], [ 82.946255909095797, 18.702936617746598 ], [ 82.946255743716463, 18.702932932768316 ], [ 82.946250291089299, 18.702912982220095 ], [ 82.946237689770342, 18.702872742802036 ], [ 82.946200323425501, 18.702777855773057 ], [ 82.946179996544501, 18.702726236280593 ], [ 82.946174285862895, 18.702703448179694 ], [ 82.946170661880657, 18.702675199158172 ], [ 82.946163411634714, 18.702613526574581 ], [ 82.946161812934477, 18.702600561596196 ], [ 82.94615334833037, 18.702583746331509 ], [ 82.946088152974255, 18.702508564570611 ], [ 82.946039276690698, 18.70245220331622 ], [ 82.94594240605926, 18.702318850135121 ], [ 82.945928609127037, 18.702301387385351 ], [ 82.945927852099004, 18.702299849560276 ], [ 82.945919073899958, 18.70228205285219 ], [ 82.945916143972966, 18.702256710921013 ], [ 82.945914426050351, 18.702241856400327 ], [ 82.945913928673846, 18.702217340199898 ], [ 82.945917047814646, 18.702200607020703 ], [ 82.945921727261208, 18.702175488724908 ], [ 82.945928597319067, 18.702133185261808 ], [ 82.945951698396954, 18.702038077821982 ], [ 82.9459520840159, 18.70202628379797 ], [ 82.945952055631878, 18.702010948302966 ], [ 82.94593568737217, 18.70197861098201 ], [ 82.945884207622385, 18.701919721935216 ], [ 82.945870312123319, 18.701900765105627 ], [ 82.945854763600252, 18.701871965937965 ], [ 82.945842823874429, 18.701761294758214 ], [ 82.945838782841506, 18.70172383918133 ], [ 82.945837396208972, 18.701636128081393 ], [ 82.945835230211301, 18.701588627320007 ], [ 82.945834343207437, 18.701569250880851 ], [ 82.945831739406714, 18.701556843777983 ], [ 82.945828549110601, 18.701541644993146 ], [ 82.945811401346333, 18.701500986575763 ], [ 82.945799313169445, 18.701480653194352 ], [ 82.945785665458118, 18.701466616303602 ], [ 82.945776599282993, 18.701457291766705 ], [ 82.945763205215655, 18.70144437875685 ], [ 82.94570583189298, 18.701389049611006 ], [ 82.945649565749193, 18.701334787588795 ], [ 82.945637873111565, 18.701323510998289 ], [ 82.945612810722864, 18.701290498714595 ], [ 82.945607606582001, 18.701281161183413 ], [ 82.945596644700345, 18.701261493630625 ], [ 82.945572815677849, 18.701219191720334 ], [ 82.945568042305794, 18.701210716058863 ], [ 82.945557816330691, 18.701192563061593 ], [ 82.945547721955208, 18.701174643576724 ], [ 82.945533616603228, 18.701149924417475 ], [ 82.945460161675456, 18.701021447307465 ], [ 82.945458625539473, 18.701018760334517 ], [ 82.945391854830646, 18.70089216873146 ], [ 82.945374688872633, 18.700863921094616 ], [ 82.945351190140286, 18.700844122551938 ], [ 82.945305350869248, 18.700832290596523 ], [ 82.945245042587629, 18.700813849681829 ], [ 82.945239774159788, 18.700812239422383 ], [ 82.94523483011794, 18.700810726975238 ], [ 82.945226237345437, 18.700797030549243 ], [ 82.945226714248122, 18.700760036663162 ], [ 82.945225712255009, 18.700659661550997 ], [ 82.945225242660243, 18.700612677961292 ], [ 82.945224870158526, 18.700575269203178 ], [ 82.94522348192983, 18.700436199058281 ], [ 82.945224560276799, 18.700412182322772 ], [ 82.945226371807678, 18.700371607134102 ], [ 82.945234159456106, 18.700321071584799 ], [ 82.945245853701678, 18.700284049826315 ], [ 82.945286554216935, 18.70015597611237 ], [ 82.945301965287825, 18.700101179700845 ], [ 82.94530611022779, 18.700086439581039 ], [ 82.94531236139224, 18.700064213869862 ], [ 82.945313501773214, 18.700059563173976 ], [ 82.945317134080142, 18.700044760620191 ], [ 82.945317083841161, 18.700035967630132 ], [ 82.94531701066343, 18.7000230934024 ], [ 82.945309771697779, 18.700009565410717 ], [ 82.945274561611683, 18.699959491410425 ], [ 82.945240862558606, 18.699911566223061 ], [ 82.945234123298761, 18.699895807110977 ], [ 82.945229160075584, 18.699874611089061 ], [ 82.945230909057841, 18.699864317883367 ], [ 82.945239898861146, 18.699844321305314 ], [ 82.94524121810916, 18.699841386081193 ], [ 82.945266129561887, 18.699810196712587 ], [ 82.945333147250082, 18.699740940059648 ], [ 82.945340046795437, 18.699733809441476 ], [ 82.945385290186749, 18.699687054300522 ], [ 82.945372412658358, 18.699673202693887 ], [ 82.945333146618793, 18.699630966064625 ], [ 82.945328826591847, 18.699626318732822 ], [ 82.94526292941147, 18.699555449340092 ], [ 82.945251539615015, 18.699543201144536 ], [ 82.945251506974202, 18.69954316534799 ], [ 82.945248485556974, 18.699539915619983 ], [ 82.945240768730514, 18.699534757890984 ], [ 82.945231307294975, 18.699533970755148 ], [ 82.945229123573355, 18.69953450834198 ], [ 82.945217540359295, 18.699537356746866 ], [ 82.945214061764645, 18.699539146305376 ], [ 82.945198709175941, 18.699547042167243 ], [ 82.945182593209267, 18.699555331692785 ], [ 82.945147900990662, 18.699579522863637 ], [ 82.94514135511568, 18.699584087816195 ], [ 82.94514130338473, 18.699584123584817 ], [ 82.945124849338455, 18.699595597419041 ], [ 82.945078445716746, 18.699636144759928 ], [ 82.94505650732539, 18.699655318098497 ], [ 82.944941050309126, 18.699749837103621 ], [ 82.9449270968082, 18.699761290399401 ], [ 82.944926205580956, 18.699764516586637 ], [ 82.944923917166932, 18.699772818011631 ], [ 82.944934412699254, 18.699799062557716 ], [ 82.945016393959108, 18.69999575073075 ], [ 82.945054952778378, 18.700063289435882 ], [ 82.945063213019111, 18.700077756295737 ], [ 82.945062406348598, 18.700092862875398 ], [ 82.945054664879976, 18.700106209353034 ], [ 82.944999541716712, 18.700188597823839 ], [ 82.944961407679457, 18.700252327736003 ], [ 82.944955178841369, 18.700262738788172 ], [ 82.944946035471048, 18.700286557348733 ], [ 82.944946283217476, 18.700320271675267 ], [ 82.944974231975692, 18.700514411006001 ], [ 82.94498150072009, 18.700566553729882 ], [ 82.944987633463327, 18.700610538963893 ], [ 82.944992241092137, 18.700643591041924 ], [ 82.944990726417458, 18.700682771944891 ], [ 82.944974568145966, 18.700762538321214 ], [ 82.94494621124062, 18.70086829597253 ], [ 82.94491174570517, 18.700934670863052 ], [ 82.94486576422868, 18.700899274673155 ], [ 82.944804548115201, 18.700852154356113 ], [ 82.944718809392654, 18.700810946303307 ], [ 82.944631744706726, 18.700790837786304 ], [ 82.944626529797375, 18.700789181784813 ], [ 82.944591594363104, 18.700778086614875 ], [ 82.944583434382352, 18.70077206440665 ], [ 82.944545778949973, 18.700744272241838 ], [ 82.944496877702065, 18.700704140901834 ], [ 82.944497635375726, 18.700672956447772 ], [ 82.944499119710756, 18.700611773097506 ], [ 82.944511276995428, 18.700525227718032 ], [ 82.944575426551992, 18.700366587971523 ], [ 82.944609807433125, 18.700252467601274 ], [ 82.944612431792009, 18.700240129095988 ], [ 82.944639885227218, 18.700168628943658 ], [ 82.944640106970922, 18.700160322761931 ], [ 82.944640471269608, 18.700146736644097 ], [ 82.944639521568718, 18.700143600018755 ], [ 82.944627090320765, 18.70010250768496 ], [ 82.944581848033067, 18.699960174992881 ], [ 82.944558335963123, 18.699898607726876 ], [ 82.944484775584712, 18.699778874135493 ], [ 82.944446663853611, 18.69971683856707 ], [ 82.944334397957959, 18.699534104341762 ], [ 82.944330763024325, 18.699529095753231 ], [ 82.944326420204504, 18.69952311433768 ], [ 82.944296111895454, 18.699481363626653 ], [ 82.944291814350734, 18.699475444977207 ], [ 82.944267651894165, 18.699449879642458 ], [ 82.944110813562276, 18.699333045775472 ], [ 82.943985435228555, 18.699272971121385 ], [ 82.943965835758419, 18.699266934705729 ], [ 82.943918425870564, 18.69925233714125 ], [ 82.943794927189842, 18.699237980174946 ], [ 82.943789082645381, 18.699237300905978 ], [ 82.943779467675739, 18.699236183745668 ], [ 82.943745807026104, 18.699243132867373 ], [ 82.943719528993554, 18.699248557316483 ], [ 82.94368376575143, 18.699269128641514 ], [ 82.943584551572329, 18.699299508165488 ], [ 82.943325675144578, 18.699378776145107 ], [ 82.943294970790859, 18.699388177940484 ], [ 82.943294934895107, 18.699388189153169 ], [ 82.943274970789375, 18.699370057448977 ], [ 82.943137642793957, 18.699245329967599 ], [ 82.943090566684589, 18.6991951869655 ], [ 82.943086385447685, 18.699190733267876 ], [ 82.943077822393207, 18.699181611139583 ], [ 82.942989658538096, 18.699087703230276 ], [ 82.942976001643913, 18.699073156684932 ], [ 82.942954586846824, 18.699074598199747 ], [ 82.942814785811052, 18.699084007680447 ], [ 82.942807181345358, 18.69907406798005 ], [ 82.94266039659729, 18.698882201163244 ], [ 82.942552345392414, 18.698858841867221 ], [ 82.942314888453339, 18.698826815613096 ], [ 82.94227663505572, 18.698821657041812 ], [ 82.942276591041093, 18.698821621362523 ], [ 82.942115288589363, 18.698688917019052 ], [ 82.942008684902106, 18.698601214328136 ], [ 82.941985199835486, 18.698615130303228 ], [ 82.941931837945987, 18.698646750391415 ], [ 82.941931802173912, 18.698646772443137 ], [ 82.941815314598614, 18.698715796892138 ], [ 82.941810156378452, 18.698718854068208 ], [ 82.941801664799343, 18.698723886236774 ], [ 82.941794527894871, 18.698719526357696 ], [ 82.941665851761826, 18.698640920589625 ], [ 82.941655222084179, 18.698649493572038 ], [ 82.941623159253098, 18.698675351630342 ], [ 82.941560494264493, 18.698725890854742 ], [ 82.941519286824189, 18.698759123966525 ], [ 82.941475426631285, 18.698794495748515 ], [ 82.941405140205163, 18.698860790259097 ], [ 82.94126351669712, 18.698994366649675 ], [ 82.941166677065894, 18.699085705900917 ], [ 82.941156195010819, 18.699096338850179 ], [ 82.941115536089569, 18.699137203405201 ], [ 82.941095830366052, 18.699157009049163 ], [ 82.941019039374268, 18.699234187894842 ], [ 82.941051898112292, 18.699346626003166 ], [ 82.941087238136404, 18.699485448808826 ], [ 82.941210880849269, 18.699555075038447 ], [ 82.94125662345175, 18.699578596113891 ], [ 82.941429612773433, 18.699667547654673 ], [ 82.941435810145066, 18.699670734746949 ], [ 82.941400235926352, 18.699735430341839 ], [ 82.94133688170173, 18.699821748813068 ], [ 82.941271918461283, 18.699908465157243 ], [ 82.941181103826082, 18.699960314815442 ], [ 82.941146363803568, 18.699940969963947 ], [ 82.941138759984014, 18.699936735951329 ], [ 82.941082415359872, 18.699905357700725 ], [ 82.940859117446848, 18.699726588416123 ], [ 82.940838002244533, 18.699727710410833 ], [ 82.940727475917456, 18.699733581182784 ], [ 82.94071197360303, 18.699729031432714 ], [ 82.940705512389329, 18.699727397252346 ], [ 82.94068339726951, 18.699721802990922 ], [ 82.940675065833929, 18.699717689413113 ], [ 82.940621490641576, 18.69969123378312 ], [ 82.94061339089474, 18.699687069924551 ], [ 82.940258393773135, 18.69954442443651 ], [ 82.940207306601764, 18.699530976941109 ], [ 82.940147412889871, 18.699592503824977 ], [ 82.940030338017181, 18.699706447759691 ], [ 82.939977840995752, 18.699757540759865 ], [ 82.93992901789116, 18.69982747463472 ], [ 82.939990260249317, 18.699832784222103 ], [ 82.939950446927767, 18.699941651928302 ], [ 82.940054170908908, 18.700127374686733 ], [ 82.940077236954195, 18.700211079249652 ], [ 82.9400137657248, 18.70036889230418 ], [ 82.940006960084489, 18.700385450385461 ], [ 82.939914405989271, 18.700381884973961 ], [ 82.939895644408395, 18.700381162195114 ], [ 82.939887071401799, 18.700390375084751 ], [ 82.939870783234895, 18.700407877761762 ], [ 82.939847466388443, 18.700432933186804 ], [ 82.939817546797272, 18.70045616615414 ], [ 82.939743984402938, 18.700513287657433 ], [ 82.939624512984466, 18.700615077687605 ], [ 82.939495909348821, 18.700878700307506 ], [ 82.939450207383629, 18.700816242563068 ], [ 82.939439797382903, 18.700802016281738 ], [ 82.939412937451124, 18.700765307851135 ], [ 82.939344405197261, 18.700660530587822 ], [ 82.939420556356595, 18.700560020032462 ], [ 82.939585386713873, 18.700411456982636 ], [ 82.939561769534862, 18.700375961686571 ], [ 82.939615536858526, 18.700272424162382 ], [ 82.939608248431881, 18.700095188881168 ], [ 82.939573430261305, 18.699970462134953 ], [ 82.939543121290839, 18.699858839277383 ], [ 82.939525548004539, 18.699846003339189 ], [ 82.9394226196044, 18.699770819949379 ], [ 82.939442713038105, 18.699644562951764 ], [ 82.939442805021685, 18.699643982931239 ], [ 82.939472563340715, 18.699510577742249 ], [ 82.939476601018157, 18.699497445037039 ], [ 82.93948750559764, 18.699461979205093 ], [ 82.939507721449175, 18.699396231378614 ], [ 82.939511742646687, 18.699383150336303 ], [ 82.939526037168505, 18.699264053924423 ], [ 82.939535487435577, 18.699185313897537 ], [ 82.939523416531543, 18.699040355371537 ], [ 82.939525999334961, 18.69899030468445 ], [ 82.939526868777477, 18.698979665573965 ], [ 82.939549697827019, 18.698917214258476 ], [ 82.939550165767386, 18.698915933839473 ], [ 82.939593118695498, 18.698835752289316 ], [ 82.939628089556123, 18.698770469711786 ], [ 82.939629012256887, 18.698768749156656 ], [ 82.939629207275289, 18.698768559235141 ], [ 82.939828179738583, 18.698574496261916 ], [ 82.939823599261004, 18.698477089349677 ], [ 82.93982123232756, 18.698415372994656 ], [ 82.939813435284151, 18.698259804295486 ], [ 82.939932708771067, 18.698109006851819 ], [ 82.939914918337024, 18.698069278551102 ], [ 82.939896169789819, 18.698027412819112 ], [ 82.939886243005787, 18.698005246226806 ], [ 82.939846210624239, 18.697968902676088 ], [ 82.939792072299625, 18.697919753256205 ], [ 82.939760502959516, 18.697891093024271 ], [ 82.939643648144383, 18.697771578359557 ], [ 82.939600902453222, 18.697709996982784 ], [ 82.939553899274301, 18.697663217315657 ], [ 82.93931896042352, 18.697543990808651 ], [ 82.938811845864578, 18.697301371560911 ], [ 82.938836587307364, 18.697250259694467 ], [ 82.938867114628692, 18.697187191326126 ], [ 82.938855377253432, 18.697182661183305 ], [ 82.938817598087766, 18.697168080085948 ], [ 82.938729500676629, 18.697134078014553 ], [ 82.938676720361329, 18.697122052301125 ], [ 82.938521983569629, 18.697086797824095 ], [ 82.938528232390496, 18.697072535626997 ], [ 82.938556223063841, 18.697008639831537 ], [ 82.938633078578391, 18.696833196590649 ], [ 82.938732126657669, 18.696607095134464 ], [ 82.938679121308027, 18.696558723167914 ], [ 82.938449901551067, 18.696349543185534 ], [ 82.938185102386839, 18.696573534931641 ], [ 82.938087816451372, 18.69662746267587 ], [ 82.937913966295639, 18.69662895796877 ], [ 82.937039250372877, 18.695701175200242 ], [ 82.936284369069512, 18.694922660380243 ], [ 82.935999842985154, 18.694628249931768 ], [ 82.935896684777262, 18.694521508591816 ], [ 82.935895300628431, 18.694520081078952 ], [ 82.935539226946403, 18.695002946186541 ], [ 82.93528912453975, 18.695358533877645 ], [ 82.934946101763444, 18.695835695821557 ], [ 82.934641211580669, 18.696230514950628 ], [ 82.934514796573097, 18.696394215603636 ], [ 82.9344992655341, 18.696446756881464 ], [ 82.934472308278359, 18.696477837773198 ], [ 82.934471372549098, 18.696478916133444 ], [ 82.934351395996003, 18.696826698286767 ], [ 82.934158683149974, 18.697293744192876 ], [ 82.933950099243944, 18.697790264046681 ], [ 82.933748317133848, 18.697985244582501 ], [ 82.933707507365426, 18.698182491684584 ], [ 82.933682567857957, 18.698255043303838 ], [ 82.93353746556383, 18.698606461122385 ], [ 82.93350345799702, 18.698631401134179 ], [ 82.933424105180578, 18.698658607440226 ], [ 82.933358356354589, 18.69869034844384 ], [ 82.933174712433541, 18.698885329330725 ], [ 82.932952525297551, 18.699005490625627 ], [ 82.932578433926722, 18.699295694781426 ], [ 82.932478676653744, 18.69928889259058 ], [ 82.932410660148435, 18.699295695192728 ], [ 82.932317704666815, 18.699318367160551 ], [ 82.932238352423909, 18.699379581893353 ], [ 82.932134059915626, 18.699483873277092 ], [ 82.931918674754343, 18.699760474217268 ], [ 82.931816649759952, 18.700048409665907 ], [ 82.931610334135442, 18.700542662922778 ], [ 82.931551386003875, 18.700637885659606 ], [ 82.931247578929785, 18.700830598858914 ], [ 82.931120615334834, 18.700919019575466 ], [ 82.931014056364788, 18.701143474345024 ], [ 82.930980047861553, 18.701202421979396 ], [ 82.930909764095929, 18.701250033578376 ], [ 82.930764662954431, 18.701361127132852 ], [ 82.930646767760365, 18.701510763444713 ], [ 82.930472191963872, 18.701794165315007 ], [ 82.930407937546278, 18.701970121222356 ], [ 82.93043581855477, 18.701993352868822 ], [ 82.930469318452921, 18.702021265811382 ], [ 82.930816716925747, 18.702288510449335 ], [ 82.930838193606007, 18.702303416434621 ], [ 82.930864392537316, 18.702294939284844 ], [ 82.930979253198743, 18.702144615887082 ], [ 82.931122447020755, 18.701913665041737 ], [ 82.931196064139172, 18.701808311551098 ], [ 82.93122621059814, 18.70176516776943 ], [ 82.931285077187781, 18.701697052967493 ], [ 82.931379405688446, 18.701587304247553 ], [ 82.931585459541466, 18.701384456617074 ], [ 82.931716463559908, 18.701263703286088 ], [ 82.931755803960627, 18.701227442448584 ], [ 82.931944829701095, 18.701298223309802 ], [ 82.932060517351303, 18.701339250714426 ], [ 82.932175157820637, 18.701374293060322 ], [ 82.932175822863215, 18.701381017338573 ], [ 82.932192706855204, 18.701551717061957 ], [ 82.93220467500467, 18.701612305787197 ], [ 82.932239557593519, 18.70164959936362 ], [ 82.932338964169332, 18.701701545600969 ], [ 82.932377996889372, 18.701721943690195 ], [ 82.932544923296874, 18.701580298156607 ], [ 82.932569912723764, 18.701595734146572 ], [ 82.93265147833074, 18.70161458068883 ], [ 82.932799800979481, 18.701634096649531 ], [ 82.932902324137672, 18.701660192563619 ], [ 82.932993284624644, 18.701712851577426 ], [ 82.933190132564832, 18.701709189103823 ], [ 82.933490009799755, 18.701791779580667 ], [ 82.933528570402203, 18.70180240042372 ], [ 82.933709627086557, 18.701664779099406 ], [ 82.933772111242178, 18.701617284906003 ], [ 82.934040105067837, 18.701627958750631 ], [ 82.93410458189939, 18.701636704047594 ], [ 82.934215806062653, 18.701651790224364 ], [ 82.934235057941606, 18.701656601744389 ], [ 82.934384201088449, 18.701691832294909 ], [ 82.934522596449568, 18.701588908678882 ], [ 82.934653502294026, 18.701776488061867 ], [ 82.934665714389652, 18.701793987972298 ], [ 82.934690206319402, 18.701855464415434 ], [ 82.934680745308171, 18.701874076047844 ], [ 82.934675201130446, 18.701884983834084 ], [ 82.934611145263148, 18.701943813053951 ], [ 82.934587028835026, 18.701952157196178 ], [ 82.934486766042397, 18.701986844890051 ], [ 82.934419365074419, 18.701996172330929 ], [ 82.93440004113738, 18.701994950728036 ], [ 82.934297684170218, 18.701988433031385 ], [ 82.934263026681251, 18.701955975188763 ], [ 82.934236497698862, 18.701931130306242 ], [ 82.934202102256791, 18.701941753111857 ], [ 82.934183913078982, 18.70194737105351 ], [ 82.933975957818035, 18.701957435855935 ], [ 82.933872598882118, 18.701962438300072 ], [ 82.933721942293985, 18.70197808901078 ], [ 82.933502784461325, 18.702000856641209 ], [ 82.933381723945033, 18.702013433818554 ], [ 82.93329655870923, 18.701929086796486 ], [ 82.932946355677771, 18.701884360075908 ], [ 82.932712768031365, 18.701878318437018 ], [ 82.932676908426643, 18.701877390914294 ], [ 82.932689444766808, 18.702017057072776 ], [ 82.932717961111223, 18.702119342556447 ], [ 82.9327216829153, 18.702132692365467 ], [ 82.932636542464934, 18.702144604192227 ], [ 82.932543820126355, 18.702247306787662 ], [ 82.932463749829893, 18.702361026693847 ], [ 82.93243499818449, 18.702392567635371 ], [ 82.932330281633256, 18.702441856410211 ], [ 82.932204507117888, 18.702481908267604 ], [ 82.932185065338885, 18.702488099036561 ], [ 82.932167676472119, 18.702491073363724 ], [ 82.932001905410544, 18.702519879177874 ], [ 82.931989094273646, 18.702541207385213 ], [ 82.931906783451652, 18.702678243104042 ], [ 82.931893802014002, 18.702699854014973 ], [ 82.931889883050914, 18.702722835005964 ], [ 82.931868864969474, 18.702846067592901 ], [ 82.931845082288362, 18.702997266805735 ], [ 82.931814256702637, 18.703109540310656 ], [ 82.931771487792787, 18.703216790313068 ], [ 82.931745844667446, 18.703281093870189 ], [ 82.931719315709088, 18.703348205246247 ], [ 82.931632756618711, 18.703567133301142 ], [ 82.931570761027615, 18.70372453508655 ], [ 82.931568109940869, 18.703731264633049 ], [ 82.931559076150307, 18.703737522442047 ], [ 82.931429415961816, 18.703827321857688 ], [ 82.93141550040157, 18.703836970690695 ], [ 82.931251260766132, 18.703914311787699 ], [ 82.931030999986845, 18.703995050312901 ], [ 82.930747933002394, 18.704113871952607 ], [ 82.930690873472898, 18.704145647366467 ], [ 82.930548393146736, 18.704224988789136 ], [ 82.930462285554043, 18.704272937661326 ], [ 82.930339876268988, 18.704411256710483 ], [ 82.93028672435905, 18.70447897638692 ], [ 82.930020985676748, 18.704817546366986 ], [ 82.929898951147578, 18.704933383240242 ], [ 82.929888832709565, 18.704942987452501 ], [ 82.929753145874642, 18.705048582194692 ], [ 82.929670509975168, 18.705112892386701 ], [ 82.929644206677466, 18.705133362044474 ], [ 82.929643328960026, 18.705134045008403 ], [ 82.929596460411673, 18.705170520319832 ], [ 82.929593504928775, 18.705199993949073 ], [ 82.929592989661529, 18.705205135011184 ], [ 82.929567449040562, 18.705459928256754 ], [ 82.929555724818329, 18.705492880771967 ], [ 82.929531516548735, 18.705560921100982 ], [ 82.929466456121432, 18.705713545196915 ], [ 82.929432854598232, 18.705792366586135 ], [ 82.929417678263562, 18.705827970845551 ], [ 82.929339392093127, 18.705957308946168 ], [ 82.929126429035051, 18.706303111877908 ], [ 82.929123698199348, 18.706308421191554 ], [ 82.929001629541702, 18.706545751821515 ], [ 82.928993534425445, 18.706561491754726 ], [ 82.928925924155152, 18.706756705968886 ], [ 82.928889427337083, 18.706804370347029 ], [ 82.92887571639919, 18.706815294303226 ], [ 82.928666162686014, 18.706988053997616 ], [ 82.928470521116964, 18.70711531032596 ], [ 82.92824074146283, 18.707186040446139 ], [ 82.928237092726107, 18.707185228805219 ], [ 82.928156039287629, 18.707167200949847 ], [ 82.92809271865363, 18.707161691341135 ], [ 82.927993155320948, 18.707132925571297 ], [ 82.927906417780221, 18.707115595680914 ], [ 82.927793832804355, 18.707112993982005 ], [ 82.927674596046586, 18.707118733865443 ], [ 82.927676304950282, 18.707104553873364 ], [ 82.927680229592369, 18.707071977080819 ], [ 82.927676523365051, 18.707075379421529 ], [ 82.927641937199539, 18.707107127919134 ], [ 82.927636552257383, 18.707111809559859 ], [ 82.927573933423062, 18.707072759693084 ], [ 82.927535878428216, 18.707045511959997 ], [ 82.927490535368463, 18.707002404316487 ], [ 82.92746019754658, 18.707137199217883 ], [ 82.927347340795436, 18.707274240362178 ], [ 82.927117596739023, 18.707471739450192 ], [ 82.927041014558554, 18.707580565884125 ], [ 82.926646016036997, 18.707850615591269 ], [ 82.926504945221851, 18.707959441769741 ], [ 82.926218771738363, 18.708326226918221 ], [ 82.92612203792531, 18.708471328877383 ], [ 82.925989027909608, 18.708721227241227 ], [ 82.925811680791284, 18.708971124093818 ], [ 82.925577906119727, 18.709301632791952 ], [ 82.925156581630276, 18.709604054981284 ], [ 82.924836905443271, 18.709753690829793 ], [ 82.92450135722936, 18.709905594090081 ], [ 82.924347186549198, 18.709955472664141 ], [ 82.923920949759136, 18.709955472700351 ], [ 82.92314657874563, 18.71008384756632 ], [ 82.922846291263056, 18.710132315666659 ], [ 82.922590095341079, 18.710220736812715 ], [ 82.922458596623159, 18.710370372978073 ], [ 82.922422321393952, 18.71042705435973 ], [ 82.922454061674742, 18.710628835999309 ], [ 82.92208450693262, 18.710909969885524 ], [ 82.921790943281721, 18.711118496970364 ], [ 82.921531565137229, 18.711978173685115 ], [ 82.921422737920992, 18.712445724590555 ], [ 82.921340111285389, 18.71261612926082 ], [ 82.92130898590068, 18.712839827944524 ], [ 82.921220312246817, 18.713117939861302 ], [ 82.920922047788096, 18.713762836291906 ], [ 82.920700364800041, 18.71433518191802 ], [ 82.920688273039914, 18.714431916257762 ], [ 82.920684241920313, 18.714528651066868 ], [ 82.920720517829253, 18.714621355445537 ], [ 82.920801130329195, 18.714766457167226 ], [ 82.921030874383959, 18.715080844432606 ], [ 82.920998628587952, 18.715262220805773 ], [ 82.920946230770454, 18.715371046588579 ], [ 82.920736640120367, 18.715528240935406 ], [ 82.920369854944511, 18.715516148639129 ], [ 82.92019653857129, 18.715673341862754 ], [ 82.920019193384761, 18.715858750281882 ], [ 82.919898273849256, 18.716015943736178 ], [ 82.919724958809084, 18.716056249578561 ], [ 82.919608071431867, 18.716132830852086 ], [ 82.919225164349896, 18.716592319835918 ], [ 82.919051848100949, 18.716834156258731 ], [ 82.91900347968128, 18.716979257552033 ], [ 82.918999450336841, 18.717241246934581 ], [ 82.91895511330118, 18.717362164705499 ], [ 82.918890624037815, 18.71751129764613 ], [ 82.918664910401958, 18.717741042076444 ], [ 82.918628634038214, 18.717837775659362 ], [ 82.918599825674193, 18.717904993943428 ], [ 82.91845934856363, 18.718232776455903 ], [ 82.91822557414838, 18.718853488569163 ], [ 82.917971646272306, 18.718966345154527 ], [ 82.917463790217823, 18.719333130048788 ], [ 82.916947873206837, 18.719683792999845 ], [ 82.916935780787341, 18.719744251570685 ], [ 82.917078373080287, 18.720209374765837 ], [ 82.917105065935516, 18.720296445026193 ], [ 82.916722158817009, 18.720687413163869 ], [ 82.916693944884429, 18.720772056089235 ], [ 82.916685882702907, 18.72104613722929 ], [ 82.916708769848199, 18.721227245275148 ], [ 82.91672203720556, 18.72133222630919 ], [ 82.916763609276131, 18.721438067665574 ], [ 82.917079055903855, 18.72140473695924 ], [ 82.917312243742032, 18.721219139349795 ], [ 82.917447872873623, 18.720995469583585 ], [ 82.917519257437462, 18.720847943080145 ], [ 82.917954698344403, 18.720928844779934 ], [ 82.918209300417331, 18.721021644343356 ], [ 82.918371103728433, 18.721059715441086 ], [ 82.918582875611989, 18.721138236944189 ], [ 82.919106356709378, 18.721633164740258 ], [ 82.919494208533678, 18.722082883250277 ], [ 82.919898718352627, 18.722211374229325 ], [ 82.920031968153424, 18.722144749030576 ], [ 82.920070038571581, 18.721825902006362 ], [ 82.919846370296611, 18.721419013573211 ] ] ] } }
]
}
