{
"type": "FeatureCollection",
"name": "Plotboundary",
"crs": { "type": "name", "properties": { "name": "urn:ogc:def:crs:OGC:1.3:CRS84" } },
"features": [
{ "type": "Feature", "properties": { "OBJECTID_1": 1, "OBJECTID": 32378.0, "VILL_CODE": "0814050", "VILL_NAME": "Sundhiput", "PLOT_NO": "49", "DIST_NAME": "Koraput", "TEH_NAME": "Semiliguda", "Area_Acre": 1.56324795168 }, "geometry": { "type": "Polygon", "coordinates": [ [ [ 82.920655737004793, 18.716071648416737 ], [ 82.920771787757388, 18.715975941303753 ], [ 82.920953929392851, 18.715979474056773 ], [ 82.921077798762099, 18.715895090990152 ], [ 82.9211858595216, 18.715653758715582 ], [ 82.921284585946381, 18.715533864571764 ], [ 82.921413782477799, 18.715381195446362 ], [ 82.92145570700248, 18.715312116827977 ], [ 82.921483409034764, 18.715200058057089 ], [ 82.921298559300126, 18.715229233661944 ], [ 82.921256525210111, 18.715291303066298 ], [ 82.921207304612892, 18.715324253117462 ], [ 82.921165566930682, 18.715333417847742 ], [ 82.921113577370491, 18.715372534809102 ], [ 82.921016727138905, 18.715446258136698 ], [ 82.920952299622627, 18.715495293548429 ], [ 82.920803192646858, 18.715606831932647 ], [ 82.920793613431101, 18.71561399647269 ], [ 82.920785408525376, 18.715613987553478 ], [ 82.920436260803598, 18.715615267216211 ], [ 82.920272443600837, 18.715741411166448 ], [ 82.920208342726497, 18.71579077273562 ], [ 82.919980052091816, 18.715979006085387 ], [ 82.919941119216617, 18.716116972525111 ], [ 82.920004818530799, 18.716119196938227 ], [ 82.920655737004793, 18.716071648416737 ] ] ] } },
{ "type": "Feature", "properties": { "OBJECTID_1": 2, "OBJECTID": 32379.0, "VILL_CODE": "0814050", "VILL_NAME": "Sundhiput", "PLOT_NO": "48", "DIST_NAME": "Koraput", "TEH_NAME": "Semiliguda", "Area_Acre": 1.17164540199 }, "geometry": { "type": "Polygon", "coordinates": [ [ [ 82.921521945147731, 18.715258801396573 ], [ 82.921483409034764, 18.715200058057089 ], [ 82.92145570700248, 18.715312116827977 ], [ 82.921413782477799, 18.715381195446362 ], [ 82.921284585946381, 18.715533864571764 ], [ 82.921373508086688, 18.715584261480203 ], [ 82.921558106879317, 18.715642438015568 ], [ 82.921864868862613, 18.715734446926696 ], [ 82.922249612221478, 18.71588931336407 ], [ 82.92251948699797, 18.716006868080981 ], [ 82.922490749992633, 18.715821820017229 ], [ 82.922458969436988, 18.715638762627215 ], [ 82.922450779310111, 18.715611374604538 ], [ 82.922403110518516, 18.715608808535773 ], [ 82.922328562175764, 18.715572926653806 ], [ 82.922135328510819, 18.715484507284064 ], [ 82.922026566099888, 18.715399429923888 ], [ 82.921924763501409, 18.715373734068002 ], [ 82.921839089706339, 18.715359183127699 ], [ 82.921521945147731, 18.715258801396573 ] ] ] } },
{ "type": "Feature", "properties": { "OBJECTID_1": 3, "OBJECTID": 32380.0, "VILL_CODE": "0814050", "VILL_NAME": "Sundhiput", "PLOT_NO": "47", "DIST_NAME": "Koraput", "TEH_NAME": "Semiliguda", "Area_Acre": 3.3140445915100001 }, "geometry": { "type": "Polygon", "coordinates": [ [ [ 82.92251948699797, 18.716006868080981 ], [ 82.922249612221478, 18.71588931336407 ], [ 82.921864868862613, 18.715734446926696 ], [ 82.921558106879317, 18.715642438015568 ], [ 82.921373508086688, 18.715584261480203 ], [ 82.921284585946381, 18.715533864571764 ], [ 82.9211858595216, 18.715653758715582 ], [ 82.921077798762099, 18.715895090990152 ], [ 82.920953929392851, 18.715979474056773 ], [ 82.920771787757388, 18.715975941303753 ], [ 82.920655737004793, 18.716071648416737 ], [ 82.920668751849192, 18.716161591106136 ], [ 82.920710159151014, 18.716300875831887 ], [ 82.920811045436551, 18.716321287847002 ], [ 82.921064880874368, 18.716413555234805 ], [ 82.92121494373049, 18.716447608870656 ], [ 82.92149131516932, 18.716480739879103 ], [ 82.921942048716559, 18.716542486946683 ], [ 82.922168008016129, 18.716466898109957 ], [ 82.922359645993239, 18.716361703035805 ], [ 82.922439108842966, 18.716189503727517 ], [ 82.92251948699797, 18.716006868080981 ] ] ] } },
{ "type": "Feature", "properties": { "OBJECTID_1": 4, "OBJECTID": 32381.0, "VILL_CODE": "0814050", "VILL_NAME": "Sundhiput", "PLOT_NO": "46", "DIST_NAME": "Koraput", "TEH_NAME": "Semiliguda", "Area_Acre": 1.19158460927 }, "geometry": { "type": "Polygon", "coordinates": [ [ [ 82.920811045436551, 18.716321287847002 ], [ 82.920710159151014, 18.716300875831887 ], [ 82.920686586949117, 18.716336922494193 ], [ 82.920651761158751, 18.716454769983088 ], [ 82.920679077990982, 18.716493826211675 ], [ 82.920707237593319, 18.716554280526427 ], [ 82.920822886588212, 18.716607236644812 ], [ 82.920943739679771, 18.716652546324898 ], [ 82.921056218163542, 18.716698014982551 ], [ 82.921341318044668, 18.716858607182843 ], [ 82.921599558223875, 18.717019909881966 ], [ 82.921725779027739, 18.716864190462893 ], [ 82.921942048716559, 18.716542486946683 ], [ 82.92149131516932, 18.716480739879103 ], [ 82.92121494373049, 18.716447608870656 ], [ 82.921064880874368, 18.716413555234805 ], [ 82.920811045436551, 18.716321287847002 ] ] ] } },
{ "type": "Feature", "properties": { "OBJECTID_1": 5, "OBJECTID": 32382.0, "VILL_CODE": "0814050", "VILL_NAME": "Sundhiput", "PLOT_NO": "45", "DIST_NAME": "Koraput", "TEH_NAME": "Semiliguda", "Area_Acre": 2.4111344430399999 }, "geometry": { "type": "Polygon", "coordinates": [ [ [ 82.922168008016129, 18.716466898109957 ], [ 82.921942048716559, 18.716542486946683 ], [ 82.921725779027739, 18.716864190462893 ], [ 82.921599558223875, 18.717019909881966 ], [ 82.921430631183568, 18.717205027273778 ], [ 82.921322897755218, 18.717297543654794 ], [ 82.921185846051671, 18.717398792930357 ], [ 82.920968596754278, 18.71761267084689 ], [ 82.921107590228345, 18.717798599371765 ], [ 82.921178794201197, 18.717908898386167 ], [ 82.921545720761472, 18.717680237492203 ], [ 82.921684891693388, 18.717601915019699 ], [ 82.921920312405021, 18.717501721246109 ], [ 82.922384996857204, 18.717249747484981 ], [ 82.922386259515932, 18.717225908535209 ], [ 82.922363297905605, 18.717154238005214 ], [ 82.922267011810291, 18.7169948925835 ], [ 82.92223523485211, 18.716898896586748 ], [ 82.922168008016129, 18.716466898109957 ] ] ] } },
{ "type": "Feature", "properties": { "OBJECTID_1": 6, "OBJECTID": 32383.0, "VILL_CODE": "0814050", "VILL_NAME": "Sundhiput", "PLOT_NO": "44", "DIST_NAME": "Koraput", "TEH_NAME": "Semiliguda", "Area_Acre": 2.5113279731599998 }, "geometry": { "type": "Polygon", "coordinates": [ [ [ 82.920707237593319, 18.716554280526427 ], [ 82.920413054953102, 18.71647092720211 ], [ 82.920224028208068, 18.716500443710839 ], [ 82.920110636008914, 18.716499728815986 ], [ 82.920004582846332, 18.716740188139159 ], [ 82.920065573204525, 18.716787131002111 ], [ 82.920111563472787, 18.716805251356273 ], [ 82.920169192989363, 18.716866564532758 ], [ 82.920371478132395, 18.717006210165984 ], [ 82.920604539117775, 18.717185322590417 ], [ 82.920749586534768, 18.71733315123295 ], [ 82.920844244916836, 18.717479938128463 ], [ 82.920943014545202, 18.717589549858271 ], [ 82.920968596754278, 18.71761267084689 ], [ 82.921185846051671, 18.717398792930357 ], [ 82.921322897755218, 18.717297543654794 ], [ 82.921430631183568, 18.717205027273778 ], [ 82.921599558223875, 18.717019909881966 ], [ 82.921341318044668, 18.716858607182843 ], [ 82.921056218163542, 18.716698014982551 ], [ 82.920943739679771, 18.716652546324898 ], [ 82.920822886588212, 18.716607236644812 ], [ 82.920707237593319, 18.716554280526427 ] ] ] } },
{ "type": "Feature", "properties": { "OBJECTID_1": 7, "OBJECTID": 32384.0, "VILL_CODE": "0814050", "VILL_NAME": "Sundhiput", "PLOT_NO": "43", "DIST_NAME": "Koraput", "TEH_NAME": "Semiliguda", "Area_Acre": 2.49201617117 }, "geometry": { "type": "Polygon", "coordinates": [ [ [ 82.920004582846332, 18.716740188139159 ], [ 82.920110636008914, 18.716499728815986 ], [ 82.920224028208068, 18.716500443710839 ], [ 82.920413054953102, 18.71647092720211 ], [ 82.920707237593319, 18.716554280526427 ], [ 82.920679077990982, 18.716493826211675 ], [ 82.920651761158751, 18.716454769983088 ], [ 82.920686586949117, 18.716336922494193 ], [ 82.920710159151014, 18.716300875831887 ], [ 82.920668751849192, 18.716161591106136 ], [ 82.920655737004793, 18.716071648416737 ], [ 82.920004818530799, 18.716119196938227 ], [ 82.919941119216617, 18.716116972525111 ], [ 82.919874668799835, 18.716119895800247 ], [ 82.919848190196959, 18.716121058823163 ], [ 82.919756078621333, 18.716122474405935 ], [ 82.919712561645724, 18.716144542127893 ], [ 82.919679357238493, 18.716163008939969 ], [ 82.919629557769298, 18.716202094958565 ], [ 82.919616241744578, 18.716224271437813 ], [ 82.919537905682176, 18.716351329348516 ], [ 82.919457852638928, 18.716449669777401 ], [ 82.919433480622956, 18.716475107852329 ], [ 82.919316304034567, 18.716597256255199 ], [ 82.919298108596038, 18.716625948279557 ], [ 82.919239735725569, 18.716717586472047 ], [ 82.919121217809874, 18.716912793985649 ], [ 82.919099127819038, 18.716948991517462 ], [ 82.919110918276672, 18.716951331557841 ], [ 82.91926150692484, 18.716982724493882 ], [ 82.919513361726644, 18.7171209869081 ], [ 82.919625827234839, 18.717190671042871 ], [ 82.919735695524636, 18.71705941166389 ], [ 82.919842885386487, 18.716933118519638 ], [ 82.920065573204525, 18.716787131002111 ], [ 82.920004582846332, 18.716740188139159 ] ] ] } },
{ "type": "Feature", "properties": { "OBJECTID_1": 8, "OBJECTID": 32385.0, "VILL_CODE": "0814050", "VILL_NAME": "Sundhiput", "PLOT_NO": "42", "DIST_NAME": "Koraput", "TEH_NAME": "Semiliguda", "Area_Acre": 14.7543569281 }, "geometry": { "type": "Polygon", "coordinates": [ [ [ 82.920740473032353, 18.719927100357268 ], [ 82.920915780143289, 18.719709151075715 ], [ 82.921021640054803, 18.719575279680402 ], [ 82.921067826224132, 18.719341611253647 ], [ 82.921102247233989, 18.719068925940803 ], [ 82.921088718101217, 18.718793026734957 ], [ 82.921057372417934, 18.71841047898473 ], [ 82.920946406902644, 18.718245912763951 ], [ 82.920759519945548, 18.718202133149571 ], [ 82.920741695546212, 18.718220016051902 ], [ 82.920699359131362, 18.718166413916354 ], [ 82.920550032949492, 18.717967864972952 ], [ 82.920297535378637, 18.717680502555055 ], [ 82.920172736239778, 18.717566138959853 ], [ 82.919993043396531, 18.717441148554418 ], [ 82.919778392597919, 18.717287374671901 ], [ 82.919625827234839, 18.717190671042871 ], [ 82.919513361726644, 18.7171209869081 ], [ 82.91926150692484, 18.716982724493882 ], [ 82.919136748141938, 18.717387270048313 ], [ 82.91909416061921, 18.717504591590153 ], [ 82.919037324474402, 18.717578101015398 ], [ 82.918929418110935, 18.717709463712403 ], [ 82.918843138595378, 18.717823745729568 ], [ 82.918765203943167, 18.717942457378669 ], [ 82.918711466515077, 18.718035933345078 ], [ 82.918715792406871, 18.718463027576046 ], [ 82.918498935244244, 18.718588030571059 ], [ 82.918488763386989, 18.718818584354683 ], [ 82.918472698347401, 18.719214211872668 ], [ 82.918774691557189, 18.719287445819162 ], [ 82.918890032493053, 18.719340616665239 ], [ 82.918942308878144, 18.719385828777639 ], [ 82.91897188505915, 18.719418820213825 ], [ 82.919000109720344, 18.719579720306616 ], [ 82.919105954035643, 18.71968433882374 ], [ 82.919251571839752, 18.719781800470699 ], [ 82.919346924037384, 18.719834547968553 ], [ 82.919461389987077, 18.719873656173935 ], [ 82.919486381249854, 18.719873891493414 ], [ 82.919482553755842, 18.719808217200804 ], [ 82.91949091152857, 18.719717854841409 ], [ 82.919547874301756, 18.71972128751786 ], [ 82.919851898308707, 18.719745533242257 ], [ 82.919952135996255, 18.719753246928693 ], [ 82.920057030019237, 18.719761391622448 ], [ 82.920412471733101, 18.719780876918307 ], [ 82.920464800156822, 18.719943222471652 ], [ 82.920740473032353, 18.719927100357268 ] ] ] } },
{ "type": "Feature", "properties": { "OBJECTID_1": 9, "OBJECTID": 32386.0, "VILL_CODE": "0814050", "VILL_NAME": "Sundhiput", "PLOT_NO": "41", "DIST_NAME": "Koraput", "TEH_NAME": "Semiliguda", "Area_Acre": 2.56537356223 }, "geometry": { "type": "Polygon", "coordinates": [ [ [ 82.920111563472787, 18.716805251356273 ], [ 82.920065573204525, 18.716787131002111 ], [ 82.919842885386487, 18.716933118519638 ], [ 82.919735695524636, 18.71705941166389 ], [ 82.919625827234839, 18.717190671042871 ], [ 82.919778392597919, 18.717287374671901 ], [ 82.919993043396531, 18.717441148554418 ], [ 82.920172736239778, 18.717566138959853 ], [ 82.920297535378637, 18.717680502555055 ], [ 82.920550032949492, 18.717967864972952 ], [ 82.920699359131362, 18.718166413916354 ], [ 82.920741695546212, 18.718220016051902 ], [ 82.920759519945548, 18.718202133149571 ], [ 82.921178794201197, 18.717908898386167 ], [ 82.921107590228345, 18.717798599371765 ], [ 82.920968596754278, 18.71761267084689 ], [ 82.920943014545202, 18.717589549858271 ], [ 82.920844244916836, 18.717479938128463 ], [ 82.920749586534768, 18.71733315123295 ], [ 82.920604539117775, 18.717185322590417 ], [ 82.920371478132395, 18.717006210165984 ], [ 82.920169192989363, 18.716866564532758 ], [ 82.920111563472787, 18.716805251356273 ] ] ] } },
{ "type": "Feature", "properties": { "OBJECTID_1": 10, "OBJECTID": 32387.0, "VILL_CODE": "0814050", "VILL_NAME": "Sundhiput", "PLOT_NO": "40", "DIST_NAME": "Koraput", "TEH_NAME": "Semiliguda", "Area_Acre": 1.8581464996299999 }, "geometry": { "type": "Polygon", "coordinates": [ [ [ 82.921178794201197, 18.717908898386167 ], [ 82.920759519945548, 18.718202133149571 ], [ 82.920946406902644, 18.718245912763951 ], [ 82.921182726208784, 18.718104876481352 ], [ 82.92157831828888, 18.717889983639886 ], [ 82.921849116962846, 18.717765954210755 ], [ 82.921917793617979, 18.717731782587851 ], [ 82.922049104432602, 18.717681714511851 ], [ 82.922227354391154, 18.717649973221921 ], [ 82.922619444841843, 18.717658769980989 ], [ 82.922737838898115, 18.717648076346237 ], [ 82.923099431604541, 18.717595920922633 ], [ 82.923001106129789, 18.717363880399855 ], [ 82.922868573763253, 18.717114677848109 ], [ 82.922734349987763, 18.717172866199476 ], [ 82.9225824040156, 18.717219885275721 ], [ 82.92244584373222, 18.71724937324819 ], [ 82.922384996857204, 18.717249747484981 ], [ 82.921920312405021, 18.717501721246109 ], [ 82.921684891693388, 18.717601915019699 ], [ 82.921545720761472, 18.717680237492203 ], [ 82.921178794201197, 18.717908898386167 ] ] ] } },
{ "type": "Feature", "properties": { "OBJECTID_1": 11, "OBJECTID": 32388.0, "VILL_CODE": "0814050", "VILL_NAME": "Sundhiput", "PLOT_NO": "39", "DIST_NAME": "Koraput", "TEH_NAME": "Semiliguda", "Area_Acre": 2.61363160337 }, "geometry": { "type": "Polygon", "coordinates": [ [ [ 82.921661382588894, 18.718278174399515 ], [ 82.921744972954869, 18.718235421189846 ], [ 82.922097482322528, 18.718102798315869 ], [ 82.922219960842042, 18.718064478074005 ], [ 82.922672454460312, 18.718049059131936 ], [ 82.923158582393853, 18.718121369675018 ], [ 82.923342492702247, 18.71815895396951 ], [ 82.92322241336386, 18.717894319591903 ], [ 82.923099431604541, 18.717595920922633 ], [ 82.922737838898115, 18.717648076346237 ], [ 82.922619444841843, 18.717658769980989 ], [ 82.922227354391154, 18.717649973221921 ], [ 82.922049104432602, 18.717681714511851 ], [ 82.921917793617979, 18.717731782587851 ], [ 82.921849116962846, 18.717765954210755 ], [ 82.92157831828888, 18.717889983639886 ], [ 82.921182726208784, 18.718104876481352 ], [ 82.920946406902644, 18.718245912763951 ], [ 82.921057372417934, 18.71841047898473 ], [ 82.92118432623883, 18.718451942426825 ], [ 82.921411433309331, 18.718354583472518 ], [ 82.921572861861961, 18.718280724017752 ], [ 82.921661382588894, 18.718278174399515 ] ] ] } },
{ "type": "Feature", "properties": { "OBJECTID_1": 12, "OBJECTID": 32404.0, "VILL_CODE": "0814050", "VILL_NAME": "Sundhiput", "PLOT_NO": "23", "DIST_NAME": "Koraput", "TEH_NAME": "Semiliguda", "Area_Acre": 3.0843654414400001 }, "geometry": { "type": "Polygon", "coordinates": [ [ [ 82.923956978170395, 18.718527451857671 ], [ 82.923867843682572, 18.718511786622251 ], [ 82.923858955201098, 18.718537433880488 ], [ 82.923829191520639, 18.718836054780564 ], [ 82.923794118211632, 18.719425040462809 ], [ 82.923828945740439, 18.719460110016453 ], [ 82.923905654485864, 18.71950424306992 ], [ 82.923950397961065, 18.71954564376928 ], [ 82.923985600618892, 18.719613107656812 ], [ 82.923993199197895, 18.719688806729142 ], [ 82.923944625636935, 18.719764079167419 ], [ 82.923828870100181, 18.719898150350648 ], [ 82.923813988833018, 18.719928015657292 ], [ 82.92392313299834, 18.720096761365635 ], [ 82.924003220257703, 18.720220582771734 ], [ 82.924023449108262, 18.720264889425238 ], [ 82.924050692483334, 18.720324558404634 ], [ 82.924075900714342, 18.72042574091455 ], [ 82.92418920809952, 18.720488870972851 ], [ 82.924219352700831, 18.72046709585317 ], [ 82.924270056029485, 18.720278242839612 ], [ 82.924275872205371, 18.72025658126055 ], [ 82.924292106884508, 18.720077050322111 ], [ 82.924296790414502, 18.720025260635452 ], [ 82.924176255941902, 18.719957867699936 ], [ 82.924183258116557, 18.719805662447389 ], [ 82.924199296407465, 18.719703694836632 ], [ 82.924434008707834, 18.719670832805534 ], [ 82.924587981004208, 18.719650171119639 ], [ 82.924672499312024, 18.719634133816211 ], [ 82.924711941292117, 18.719553172468956 ], [ 82.924710756745853, 18.719518798977202 ], [ 82.924671392269076, 18.719234023711564 ], [ 82.924629777315488, 18.718964592106424 ], [ 82.924606198523463, 18.718733201118514 ], [ 82.924507008185657, 18.718717447107931 ], [ 82.924295886624975, 18.718709042990003 ], [ 82.924299345789748, 18.718647083787417 ], [ 82.924116808250503, 18.718578966314681 ], [ 82.923956978170395, 18.718527451857671 ] ] ] } },
{ "type": "Feature", "properties": { "OBJECTID_1": 13, "OBJECTID": 32405.0, "VILL_CODE": "0814050", "VILL_NAME": "Sundhiput", "PLOT_NO": "22", "DIST_NAME": "Koraput", "TEH_NAME": "Semiliguda", "Area_Acre": 1.37721879923 }, "geometry": { "type": "Polygon", "coordinates": [ [ [ 82.922969375150586, 18.719586893651883 ], [ 82.923005719542815, 18.719807575242296 ], [ 82.923048828128572, 18.720080250563296 ], [ 82.923229260645172, 18.720026686959027 ], [ 82.923493136101868, 18.719955961882057 ], [ 82.923685095806633, 18.719923375403997 ], [ 82.923813988833018, 18.719928015657292 ], [ 82.923828870100181, 18.719898150350648 ], [ 82.923944625636935, 18.719764079167419 ], [ 82.923993199197895, 18.719688806729142 ], [ 82.923985600618892, 18.719613107656812 ], [ 82.923950397961065, 18.71954564376928 ], [ 82.923905654485864, 18.71950424306992 ], [ 82.923828945740439, 18.719460110016453 ], [ 82.923794118211632, 18.719425040462809 ], [ 82.923744237908991, 18.719436519033597 ], [ 82.923679365716751, 18.719494232522347 ], [ 82.923649291359865, 18.719508297308625 ], [ 82.923648371441331, 18.719436535239211 ], [ 82.923374052440565, 18.71946082512812 ], [ 82.923130412296715, 18.719471691442394 ], [ 82.923018088456701, 18.719487724460492 ], [ 82.922969375150586, 18.719586893651883 ] ] ] } },
{ "type": "Feature", "properties": { "OBJECTID_1": 14, "OBJECTID": 32406.0, "VILL_CODE": "0814050", "VILL_NAME": "Sundhiput", "PLOT_NO": "21", "DIST_NAME": "Koraput", "TEH_NAME": "Semiliguda", "Area_Acre": 1.7118103663899999 }, "geometry": { "type": "Polygon", "coordinates": [ [ [ 82.923794118211632, 18.719425040462809 ], [ 82.923829191520639, 18.718836054780564 ], [ 82.923858955201098, 18.718537433880488 ], [ 82.923867843682572, 18.718511786622251 ], [ 82.923853762734154, 18.718474693573253 ], [ 82.923849603096812, 18.718435112768798 ], [ 82.923685485839968, 18.718327860552918 ], [ 82.923489326488905, 18.718219010298423 ], [ 82.923342492702247, 18.71815895396951 ], [ 82.923339609474198, 18.718291649846584 ], [ 82.923315697546315, 18.718470145754299 ], [ 82.923286705226488, 18.71872028016783 ], [ 82.923307633732549, 18.718961273698685 ], [ 82.923374052440565, 18.71946082512812 ], [ 82.923648371441331, 18.719436535239211 ], [ 82.923649291359865, 18.719508297308625 ], [ 82.923679365716751, 18.719494232522347 ], [ 82.923744237908991, 18.719436519033597 ], [ 82.923794118211632, 18.719425040462809 ] ] ] } },
{ "type": "Feature", "properties": { "OBJECTID_1": 15, "OBJECTID": 32407.0, "VILL_CODE": "0814050", "VILL_NAME": "Sundhiput", "PLOT_NO": "20", "DIST_NAME": "Koraput", "TEH_NAME": "Semiliguda", "Area_Acre": 2.7419479940299998 }, "geometry": { "type": "Polygon", "coordinates": [ [ [ 82.922969375150586, 18.719586893651883 ], [ 82.923018088456701, 18.719487724460492 ], [ 82.923130412296715, 18.719471691442394 ], [ 82.923374052440565, 18.71946082512812 ], [ 82.923307633732549, 18.718961273698685 ], [ 82.923286705226488, 18.71872028016783 ], [ 82.923315697546315, 18.718470145754299 ], [ 82.923339609474198, 18.718291649846584 ], [ 82.923342492702247, 18.71815895396951 ], [ 82.923158582393853, 18.718121369675018 ], [ 82.922672454460312, 18.718049059131936 ], [ 82.922665619292147, 18.718180691666074 ], [ 82.922611036783721, 18.718475123536081 ], [ 82.922593915603741, 18.718576991991085 ], [ 82.922591280296828, 18.718908940477746 ], [ 82.922603774156883, 18.719028823862839 ], [ 82.922664765274789, 18.719215230041772 ], [ 82.922729840391654, 18.719374581122494 ], [ 82.922846345269932, 18.719480698655136 ], [ 82.922969375150586, 18.719586893651883 ] ] ] } },
{ "type": "Feature", "properties": { "OBJECTID_1": 16, "OBJECTID": 32408.0, "VILL_CODE": "0814050", "VILL_NAME": "Sundhiput", "PLOT_NO": "19", "DIST_NAME": "Koraput", "TEH_NAME": "Semiliguda", "Area_Acre": 1.9945734859199999 }, "geometry": { "type": "Polygon", "coordinates": [ [ [ 82.922969375150586, 18.719586893651883 ], [ 82.922846345269932, 18.719480698655136 ], [ 82.922729840391654, 18.719374581122494 ], [ 82.922664765274789, 18.719215230041772 ], [ 82.922603774156883, 18.719028823862839 ], [ 82.922591280296828, 18.718908940477746 ], [ 82.922593915603741, 18.718576991991085 ], [ 82.922409267062363, 18.718591215804409 ], [ 82.922139634814314, 18.718591448114267 ], [ 82.922002745187442, 18.718583597631458 ], [ 82.921953518092067, 18.718595820632579 ], [ 82.921950368239109, 18.718624992683569 ], [ 82.922010931782609, 18.718702431289355 ], [ 82.922139685955628, 18.718926282525953 ], [ 82.922251766557579, 18.719170561462565 ], [ 82.922427413629336, 18.719512352832574 ], [ 82.922514532868078, 18.719681140374291 ], [ 82.92251181341733, 18.719751222500221 ], [ 82.922494539140828, 18.719895912260171 ], [ 82.922458293656646, 18.72003101575795 ], [ 82.922626641854691, 18.720022581799061 ], [ 82.922785109743657, 18.720031508370887 ], [ 82.922861735303357, 18.720036254948049 ], [ 82.923048828128572, 18.720080250563296 ], [ 82.923005719542815, 18.719807575242296 ], [ 82.922969375150586, 18.719586893651883 ] ] ] } },
{ "type": "Feature", "properties": { "OBJECTID_1": 17, "OBJECTID": 32409.0, "VILL_CODE": "0814050", "VILL_NAME": "Sundhiput", "PLOT_NO": "18", "DIST_NAME": "Koraput", "TEH_NAME": "Semiliguda", "Area_Acre": 0.59575941270599997 }, "geometry": { "type": "Polygon", "coordinates": [ [ [ 82.921839534573792, 18.718585097989788 ], [ 82.921974257349092, 18.718963346032076 ], [ 82.922113114185578, 18.719202072697911 ], [ 82.922178112106209, 18.719337110082243 ], [ 82.922256302673475, 18.71945264698336 ], [ 82.922341623929412, 18.719569005009827 ], [ 82.922413118101005, 18.719688056985529 ], [ 82.922307317407714, 18.720046292405861 ], [ 82.922458293656646, 18.72003101575795 ], [ 82.922494539140828, 18.719895912260171 ], [ 82.92251181341733, 18.719751222500221 ], [ 82.922514532868078, 18.719681140374291 ], [ 82.922427413629336, 18.719512352832574 ], [ 82.922251766557579, 18.719170561462565 ], [ 82.922139685955628, 18.718926282525953 ], [ 82.922010931782609, 18.718702431289355 ], [ 82.921950368239109, 18.718624992683569 ], [ 82.921953518092067, 18.718595820632579 ], [ 82.921839534573792, 18.718585097989788 ] ] ] } },
{ "type": "Feature", "properties": { "OBJECTID_1": 18, "OBJECTID": 32410.0, "VILL_CODE": "0814050", "VILL_NAME": "Sundhiput", "PLOT_NO": "17", "DIST_NAME": "Koraput", "TEH_NAME": "Semiliguda", "Area_Acre": 1.2439819991400001 }, "geometry": { "type": "Polygon", "coordinates": [ [ [ 82.922593915603741, 18.718576991991085 ], [ 82.922611036783721, 18.718475123536081 ], [ 82.922665619292147, 18.718180691666074 ], [ 82.922672454460312, 18.718049059131936 ], [ 82.922219960842042, 18.718064478074005 ], [ 82.922097482322528, 18.718102798315869 ], [ 82.921744972954869, 18.718235421189846 ], [ 82.921661382588894, 18.718278174399515 ], [ 82.921679317068453, 18.718303517478809 ], [ 82.921839534573792, 18.718585097989788 ], [ 82.921953518092067, 18.718595820632579 ], [ 82.922002745187442, 18.718583597631458 ], [ 82.922139634814314, 18.718591448114267 ], [ 82.922409267062363, 18.718591215804409 ], [ 82.922593915603741, 18.718576991991085 ] ] ] } },
{ "type": "Feature", "properties": { "OBJECTID_1": 19, "OBJECTID": 32411.0, "VILL_CODE": "0814050", "VILL_NAME": "Sundhiput", "PLOT_NO": "16", "DIST_NAME": "Koraput", "TEH_NAME": "Semiliguda", "Area_Acre": 2.6584826812300002 }, "geometry": { "type": "Polygon", "coordinates": [ [ [ 82.921661382588894, 18.718278174399515 ], [ 82.921572861861961, 18.718280724017752 ], [ 82.921411433309331, 18.718354583472518 ], [ 82.92118432623883, 18.718451942426825 ], [ 82.921358442107334, 18.718760849308055 ], [ 82.921389998937173, 18.718892075386172 ], [ 82.921440939754376, 18.71903385293658 ], [ 82.921605849757668, 18.719324061618373 ], [ 82.921695870118185, 18.719413890714051 ], [ 82.921729574050687, 18.719511488578874 ], [ 82.921867530096335, 18.719732407100405 ], [ 82.921987708685606, 18.72002976752891 ], [ 82.922008924290978, 18.720096747520174 ], [ 82.922307317407714, 18.720046292405861 ], [ 82.922413118101005, 18.719688056985529 ], [ 82.922341623929412, 18.719569005009827 ], [ 82.922256302673475, 18.71945264698336 ], [ 82.922178112106209, 18.719337110082243 ], [ 82.922113114185578, 18.719202072697911 ], [ 82.921974257349092, 18.718963346032076 ], [ 82.921839534573792, 18.718585097989788 ], [ 82.921679317068453, 18.718303517478809 ], [ 82.921661382588894, 18.718278174399515 ] ] ] } },
{ "type": "Feature", "properties": { "OBJECTID_1": 20, "OBJECTID": 32412.0, "VILL_CODE": "0814050", "VILL_NAME": "Sundhiput", "PLOT_NO": "15", "DIST_NAME": "Koraput", "TEH_NAME": "Semiliguda", "Area_Acre": 6.0008352154000004 }, "geometry": { "type": "Polygon", "coordinates": [ [ [ 82.922492031797788, 18.720654424359751 ], [ 82.922596540774066, 18.7206428053757 ], [ 82.922716308595554, 18.720629492115773 ], [ 82.922952541983847, 18.720576133671489 ], [ 82.923281369278129, 18.720399114096164 ], [ 82.923285079904332, 18.720397326127127 ], [ 82.923429106932844, 18.720327935692122 ], [ 82.923588453414283, 18.720501240348472 ], [ 82.923694171891114, 18.720467825837144 ], [ 82.923831068123377, 18.720422916997972 ], [ 82.924055817213841, 18.720416402038076 ], [ 82.924075900714342, 18.72042574091455 ], [ 82.924050692483334, 18.720324558404634 ], [ 82.924023449108262, 18.720264889425238 ], [ 82.924003220257703, 18.720220582771734 ], [ 82.92392313299834, 18.720096761365635 ], [ 82.923813988833018, 18.719928015657292 ], [ 82.923685095806633, 18.719923375403997 ], [ 82.923493136101868, 18.719955961882057 ], [ 82.923229260645172, 18.720026686959027 ], [ 82.923048828128572, 18.720080250563296 ], [ 82.922861735303357, 18.720036254948049 ], [ 82.922785109743657, 18.720031508370887 ], [ 82.922626641854691, 18.720022581799061 ], [ 82.922458293656646, 18.72003101575795 ], [ 82.922307317407714, 18.720046292405861 ], [ 82.922008924290978, 18.720096747520174 ], [ 82.921987708685606, 18.72002976752891 ], [ 82.921867530096335, 18.719732407100405 ], [ 82.921729574050687, 18.719511488578874 ], [ 82.921695870118185, 18.719413890714051 ], [ 82.921605849757668, 18.719324061618373 ], [ 82.921440939754376, 18.71903385293658 ], [ 82.921389998937173, 18.718892075386172 ], [ 82.921358442107334, 18.718760849308055 ], [ 82.92118432623883, 18.718451942426825 ], [ 82.921057372417934, 18.71841047898473 ], [ 82.921088718101217, 18.718793026734957 ], [ 82.921102247233989, 18.719068925940803 ], [ 82.921067826224132, 18.719341611253647 ], [ 82.921021640054803, 18.719575279680402 ], [ 82.921046204194838, 18.719599144623952 ], [ 82.921200464126869, 18.719816611747113 ], [ 82.921295252951367, 18.719940449901628 ], [ 82.921363645097315, 18.720064601254137 ], [ 82.921428098311111, 18.720156569078096 ], [ 82.921541728097367, 18.720275082528936 ], [ 82.921570997307683, 18.72031994989586 ], [ 82.921660681724447, 18.720476814803348 ], [ 82.921726345677158, 18.720598700265764 ], [ 82.921764571890236, 18.720669655004617 ], [ 82.922151268714401, 18.720646314358799 ], [ 82.922159237713771, 18.720699154915309 ], [ 82.922164902584086, 18.720736713899758 ], [ 82.922172687176953, 18.720788337675213 ], [ 82.922492031797788, 18.720654424359751 ] ] ] } },
{ "type": "Feature", "properties": { "OBJECTID_1": 21, "OBJECTID": 32413.0, "VILL_CODE": "0814050", "VILL_NAME": "Sundhiput", "PLOT_NO": "14", "DIST_NAME": "Koraput", "TEH_NAME": "Semiliguda", "Area_Acre": 1.1055986278300001 }, "geometry": { "type": "Polygon", "coordinates": [ [ [ 82.922164902584086, 18.720736713899758 ], [ 82.922159237713771, 18.720699154915309 ], [ 82.922151268714401, 18.720646314358799 ], [ 82.921764571890236, 18.720669655004617 ], [ 82.921707502678444, 18.720676126175583 ], [ 82.921483780919218, 18.720699442594903 ], [ 82.921318103948437, 18.720723251873249 ], [ 82.921125817930559, 18.720614064119165 ], [ 82.921115531318947, 18.720608151254737 ], [ 82.920952357051931, 18.720514355655826 ], [ 82.920933671852907, 18.720512374652564 ], [ 82.920709839008296, 18.720544823644317 ], [ 82.920585751918736, 18.720576487115522 ], [ 82.92052257404977, 18.720598667281777 ], [ 82.920491500254442, 18.720609575462227 ], [ 82.920413232667087, 18.72068200962266 ], [ 82.920377894236722, 18.720769564463588 ], [ 82.920361032535226, 18.720811344789421 ], [ 82.920799700045293, 18.720852668923946 ], [ 82.921088698380728, 18.720859295987303 ], [ 82.921555081772638, 18.720866660182473 ], [ 82.921618686032161, 18.720862247675097 ], [ 82.92192449741934, 18.720841031925541 ], [ 82.922172687176953, 18.720788337675213 ], [ 82.922164902584086, 18.720736713899758 ] ] ] } },
{ "type": "Feature", "properties": { "OBJECTID_1": 22, "OBJECTID": 32414.0, "VILL_CODE": "0814050", "VILL_NAME": "Sundhiput", "PLOT_NO": "13", "DIST_NAME": "Koraput", "TEH_NAME": "Semiliguda", "Area_Acre": 0.92823754024000005 }, "geometry": { "type": "Polygon", "coordinates": [ [ [ 82.920933671852907, 18.720512374652564 ], [ 82.920959757358588, 18.720363735279403 ], [ 82.920805399210465, 18.720373607932576 ], [ 82.920706648525766, 18.720393403967133 ], [ 82.920549968901909, 18.720431527540395 ], [ 82.920404582435708, 18.720479151775862 ], [ 82.919934516493257, 18.720465577237203 ], [ 82.919834115561201, 18.720508016953858 ], [ 82.919738946721679, 18.720540247980633 ], [ 82.919662430778374, 18.720563456229197 ], [ 82.919625835318854, 18.720574555471323 ], [ 82.919585838333759, 18.720743317620201 ], [ 82.919659125062338, 18.720755044073343 ], [ 82.919914148335323, 18.720795848652308 ], [ 82.920113085499395, 18.720807271488354 ], [ 82.920361032535226, 18.720811344789421 ], [ 82.920377894236722, 18.720769564463588 ], [ 82.920413232667087, 18.72068200962266 ], [ 82.920491500254442, 18.720609575462227 ], [ 82.92052257404977, 18.720598667281777 ], [ 82.920585751918736, 18.720576487115522 ], [ 82.920709839008296, 18.720544823644317 ], [ 82.920933671852907, 18.720512374652564 ] ] ] } },
{ "type": "Feature", "properties": { "OBJECTID_1": 23, "OBJECTID": 32415.0, "VILL_CODE": "0814050", "VILL_NAME": "Sundhiput", "PLOT_NO": "12", "DIST_NAME": "Koraput", "TEH_NAME": "Semiliguda", "Area_Acre": 3.1990014688600001 }, "geometry": { "type": "Polygon", "coordinates": [ [ [ 82.921660681724447, 18.720476814803348 ], [ 82.921570997307683, 18.72031994989586 ], [ 82.921541728097367, 18.720275082528936 ], [ 82.921428098311111, 18.720156569078096 ], [ 82.921363645097315, 18.720064601254137 ], [ 82.921295252951367, 18.719940449901628 ], [ 82.921200464126869, 18.719816611747113 ], [ 82.921046204194838, 18.719599144623952 ], [ 82.921021640054803, 18.719575279680402 ], [ 82.920915780143289, 18.719709151075715 ], [ 82.920740473032353, 18.719927100357268 ], [ 82.920464800156822, 18.719943222471652 ], [ 82.920412471733101, 18.719780876918307 ], [ 82.920057030019237, 18.719761391622448 ], [ 82.919952135996255, 18.719753246928693 ], [ 82.919956030719774, 18.720083397013173 ], [ 82.919934516493257, 18.720465577237203 ], [ 82.920404582435708, 18.720479151775862 ], [ 82.920549968901909, 18.720431527540395 ], [ 82.920706648525766, 18.720393403967133 ], [ 82.920805399210465, 18.720373607932576 ], [ 82.920959757358588, 18.720363735279403 ], [ 82.920933671852907, 18.720512374652564 ], [ 82.920952357051931, 18.720514355655826 ], [ 82.921115531318947, 18.720608151254737 ], [ 82.921125817930559, 18.720614064119165 ], [ 82.921318103948437, 18.720723251873249 ], [ 82.921483780919218, 18.720699442594903 ], [ 82.921707502678444, 18.720676126175583 ], [ 82.921764571890236, 18.720669655004617 ], [ 82.921726345677158, 18.720598700265764 ], [ 82.921660681724447, 18.720476814803348 ] ] ] } },
{ "type": "Feature", "properties": { "OBJECTID_1": 24, "OBJECTID": 32416.0, "VILL_CODE": "0814050", "VILL_NAME": "Sundhiput", "PLOT_NO": "11", "DIST_NAME": "Koraput", "TEH_NAME": "Semiliguda", "Area_Acre": 1.1136659898900001 }, "geometry": { "type": "Polygon", "coordinates": [ [ [ 82.919547874301756, 18.71972128751786 ], [ 82.91949091152857, 18.719717854841409 ], [ 82.919482553755842, 18.719808217200804 ], [ 82.919486381249854, 18.719873891493414 ], [ 82.919510410772006, 18.720010659726636 ], [ 82.919507386031555, 18.720169373950466 ], [ 82.919505912010436, 18.720345856420952 ], [ 82.91947854121797, 18.720557464329566 ], [ 82.91947642309556, 18.720573840112891 ], [ 82.919472353282458, 18.720596138651214 ], [ 82.91944620667384, 18.720739399760141 ], [ 82.919502006235248, 18.720740966196249 ], [ 82.919585838333759, 18.720743317620201 ], [ 82.919625835318854, 18.720574555471323 ], [ 82.919662430778374, 18.720563456229197 ], [ 82.919738946721679, 18.720540247980633 ], [ 82.919834115561201, 18.720508016953858 ], [ 82.919934516493257, 18.720465577237203 ], [ 82.919956030719774, 18.720083397013173 ], [ 82.919952135996255, 18.719753246928693 ], [ 82.919851898308707, 18.719745533242257 ], [ 82.919547874301756, 18.71972128751786 ] ] ] } },
{ "type": "Feature", "properties": { "OBJECTID_1": 25, "OBJECTID": 32417.0, "VILL_CODE": "0814050", "VILL_NAME": "Sundhiput", "PLOT_NO": "10", "DIST_NAME": "Koraput", "TEH_NAME": "Semiliguda", "Area_Acre": 1.2070600043 }, "geometry": { "type": "Polygon", "coordinates": [ [ [ 82.91944620667384, 18.720739399760141 ], [ 82.919472353282458, 18.720596138651214 ], [ 82.91947642309556, 18.720573840112891 ], [ 82.91947854121797, 18.720557464329566 ], [ 82.919505912010436, 18.720345856420952 ], [ 82.919507386031555, 18.720169373950466 ], [ 82.919510410772006, 18.720010659726636 ], [ 82.919486381249854, 18.719873891493414 ], [ 82.919461389987077, 18.719873656173935 ], [ 82.919346924037384, 18.719834547968553 ], [ 82.919251571839752, 18.719781800470699 ], [ 82.919105954035643, 18.71968433882374 ], [ 82.919040701161137, 18.720072153644079 ], [ 82.918970867067401, 18.72049822068017 ], [ 82.918960204026064, 18.720569755604611 ], [ 82.919036286436281, 18.720624052141929 ], [ 82.919073643517052, 18.720678579235553 ], [ 82.919162351768634, 18.720660600675263 ], [ 82.919229945026629, 18.72065578494222 ], [ 82.91926749763735, 18.720661608211671 ], [ 82.91944620667384, 18.720739399760141 ] ] ] } },
{ "type": "Feature", "properties": { "OBJECTID_1": 26, "OBJECTID": 32420.0, "VILL_CODE": "0814050", "VILL_NAME": "Sundhiput", "PLOT_NO": "7", "DIST_NAME": "Koraput", "TEH_NAME": "Semiliguda", "Area_Acre": 2.4811312757300001 }, "geometry": { "type": "Polygon", "coordinates": [ [ [ 82.918774691557189, 18.719287445819162 ], [ 82.918472698347401, 18.719214211872668 ], [ 82.918291582460554, 18.719349748019503 ], [ 82.918288417251347, 18.719387196179277 ], [ 82.918304134952137, 18.719510639851496 ], [ 82.918344318281825, 18.719933969188681 ], [ 82.918365996068587, 18.720465836210604 ], [ 82.91852573224223, 18.720498639036638 ], [ 82.918738456796135, 18.720561743331416 ], [ 82.918829246072065, 18.720574169805982 ], [ 82.918960204026064, 18.720569755604611 ], [ 82.918970867067401, 18.72049822068017 ], [ 82.919040701161137, 18.720072153644079 ], [ 82.919105954035643, 18.71968433882374 ], [ 82.919000109720344, 18.719579720306616 ], [ 82.91897188505915, 18.719418820213825 ], [ 82.918942308878144, 18.719385828777639 ], [ 82.918890032493053, 18.719340616665239 ], [ 82.918774691557189, 18.719287445819162 ] ] ] } },
{ "type": "Feature", "properties": { "OBJECTID_1": 27, "OBJECTID": 32421.0, "VILL_CODE": "0814050", "VILL_NAME": "Sundhiput", "PLOT_NO": "6", "DIST_NAME": "Koraput", "TEH_NAME": "Semiliguda", "Area_Acre": 1.10253287146 }, "geometry": { "type": "Polygon", "coordinates": [ [ [ 82.919110918276672, 18.716951331557841 ], [ 82.919099127819038, 18.716948991517462 ], [ 82.919089195214113, 18.716986606581209 ], [ 82.91909004033819, 18.717023103040884 ], [ 82.919093324160812, 18.717168418649113 ], [ 82.919051330979059, 18.717265059994507 ], [ 82.918974959396294, 18.717458990980319 ], [ 82.918930760867013, 18.717555554624067 ], [ 82.91887474582731, 18.717639411163574 ], [ 82.918758857786557, 18.717761836087433 ], [ 82.918690779127459, 18.717830924664106 ], [ 82.918656069944944, 18.717941520089266 ], [ 82.918538514524997, 18.718215863550828 ], [ 82.918373420724478, 18.718560993935455 ], [ 82.918255265975489, 18.718884985649098 ], [ 82.91826531323656, 18.718977193947829 ], [ 82.91828432319241, 18.719188507464303 ], [ 82.918291582460554, 18.719349748019503 ], [ 82.918472698347401, 18.719214211872668 ], [ 82.918488763386989, 18.718818584354683 ], [ 82.918498935244244, 18.718588030571059 ], [ 82.918715792406871, 18.718463027576046 ], [ 82.918711466515077, 18.718035933345078 ], [ 82.918765203943167, 18.717942457378669 ], [ 82.918843138595378, 18.717823745729568 ], [ 82.918929418110935, 18.717709463712403 ], [ 82.919037324474402, 18.717578101015398 ], [ 82.91909416061921, 18.717504591590153 ], [ 82.919136748141938, 18.717387270048313 ], [ 82.91926150692484, 18.716982724493882 ], [ 82.919110918276672, 18.716951331557841 ] ] ] } },
{ "type": "Feature", "properties": { "OBJECTID_1": 28, "OBJECTID": 32422.0, "VILL_CODE": "0814050", "VILL_NAME": "Sundhiput", "PLOT_NO": "5", "DIST_NAME": "Koraput", "TEH_NAME": "Semiliguda", "Area_Acre": 3.3468374330600001 }, "geometry": { "type": "Polygon", "coordinates": [ [ [ 82.917881353433657, 18.720393504708582 ], [ 82.917935351084168, 18.72038805988597 ], [ 82.918019554666472, 18.720409570952278 ], [ 82.918228437293479, 18.720448733783552 ], [ 82.918365996068587, 18.720465836210604 ], [ 82.918344318281825, 18.719933969188681 ], [ 82.918304134952137, 18.719510639851496 ], [ 82.918288417251347, 18.719387196179277 ], [ 82.918291582460554, 18.719349748019503 ], [ 82.91828432319241, 18.719188507464303 ], [ 82.91826531323656, 18.718977193947829 ], [ 82.918255265975489, 18.718884985649098 ], [ 82.91821367992317, 18.718903316761843 ], [ 82.918142625973047, 18.718935890779839 ], [ 82.918036870774245, 18.719005511361257 ], [ 82.918014541219904, 18.719023705763696 ], [ 82.917867596800122, 18.719139462348277 ], [ 82.917795895527775, 18.71917762131557 ], [ 82.917669496219403, 18.719263088082641 ], [ 82.917644440828894, 18.719279775493494 ], [ 82.917589587501126, 18.719330044397676 ], [ 82.917495631440545, 18.719420712168247 ], [ 82.917459795959815, 18.719453209958182 ], [ 82.917455509669068, 18.719457090542232 ], [ 82.917357295700967, 18.719751007970387 ], [ 82.917496937120674, 18.719979666700635 ], [ 82.917522654493865, 18.720332239087007 ], [ 82.917402342054544, 18.720463354114656 ], [ 82.917439832194091, 18.720556464054891 ], [ 82.917469057422451, 18.720603991275379 ], [ 82.917514341653344, 18.720677635525774 ], [ 82.917542325825309, 18.720634113612483 ], [ 82.9175436573517, 18.720632043861304 ], [ 82.917619163532635, 18.72052666530525 ], [ 82.91770349997401, 18.7204520136887 ], [ 82.917881353433657, 18.720393504708582 ] ] ] } },
{ "type": "Feature", "properties": { "OBJECTID_1": 29, "OBJECTID": 32425.0, "VILL_CODE": "0814050", "VILL_NAME": "Sundhiput", "PLOT_NO": "2", "DIST_NAME": "Koraput", "TEH_NAME": "Semiliguda", "Area_Acre": 1.35092984206 }, "geometry": { "type": "Polygon", "coordinates": [ [ [ 82.917402342054544, 18.720463354114656 ], [ 82.917186174418319, 18.720320030729468 ], [ 82.917187453305687, 18.720324391858746 ], [ 82.91718016102152, 18.720316042382667 ], [ 82.917153607885624, 18.720366913140197 ], [ 82.917035881428049, 18.720497172171552 ], [ 82.916893361529475, 18.720640229400438 ], [ 82.916823253493632, 18.720695823465437 ], [ 82.916776031588853, 18.720764568830102 ], [ 82.916741390918673, 18.720788034822977 ], [ 82.916781947889802, 18.721197950963749 ], [ 82.916792417218474, 18.721303760128475 ], [ 82.91687670518219, 18.721312876290149 ], [ 82.916970948478777, 18.721313498006559 ], [ 82.917036048897117, 18.721313926545804 ], [ 82.917041370677111, 18.721311398585478 ], [ 82.917084637079327, 18.721290841688376 ], [ 82.917164791845806, 18.721202476235153 ], [ 82.917210125278658, 18.721143843700514 ], [ 82.917284592536404, 18.721047528768921 ], [ 82.917456326913424, 18.720771042099994 ], [ 82.917514341653344, 18.720677635525774 ], [ 82.917469057422451, 18.720603991275379 ], [ 82.917439832194091, 18.720556464054891 ], [ 82.917402342054544, 18.720463354114656 ] ] ] } },
{ "type": "Feature", "properties": { "OBJECTID_1": 30, "OBJECTID": 1703.0, "VILL_CODE": "0814040", "VILL_NAME": "Aligan", "PLOT_NO": "1640", "DIST_NAME": "Koraput", "TEH_NAME": "Semiliguda", "Area_Acre": 0.36372380660100001 }, "geometry": { "type": "Polygon", "coordinates": [ [ [ 82.925337171894355, 18.704900819631298 ], [ 82.925275782677275, 18.704841206854155 ], [ 82.925208712915548, 18.70476584038278 ], [ 82.925135138714722, 18.704684015513227 ], [ 82.925067492962114, 18.704609931385683 ], [ 82.925039162765657, 18.70457580233542 ], [ 82.925032752631566, 18.70458740807009 ], [ 82.924995354928299, 18.704653639328683 ], [ 82.924927230307418, 18.704805341456666 ], [ 82.924887300837256, 18.704887375494302 ], [ 82.924852275132636, 18.704960240350204 ], [ 82.924923534427506, 18.704971005915809 ], [ 82.924990592126264, 18.7049780068226 ], [ 82.925039785462246, 18.704988140762921 ], [ 82.925082627182903, 18.705006840824186 ], [ 82.925164071198708, 18.705062859048518 ], [ 82.925233183818989, 18.705108871493582 ], [ 82.925267352508371, 18.705050182331036 ], [ 82.925307767015283, 18.70497843826557 ], [ 82.925337171894355, 18.704900819631298 ] ] ] } },
{ "type": "Feature", "properties": { "OBJECTID_1": 31, "OBJECTID": 2073.0, "VILL_CODE": "0814040", "VILL_NAME": "Aligan", "PLOT_NO": "1034", "DIST_NAME": "Koraput", "TEH_NAME": "Semiliguda", "Area_Acre": 0.47783689641499999 }, "geometry": { "type": "Polygon", "coordinates": [ [ [ 82.923824948313964, 18.703315647278636 ], [ 82.92384955288415, 18.703326091773931 ], [ 82.923897336609812, 18.703365215856454 ], [ 82.923963068123314, 18.703425537125888 ], [ 82.924024418289505, 18.703481027748744 ], [ 82.924138611090925, 18.703582191495503 ], [ 82.924203250467457, 18.703644341497807 ], [ 82.924252527323077, 18.703683617273029 ], [ 82.924271466309065, 18.703705190913148 ], [ 82.924259666773196, 18.703726369165725 ], [ 82.924233985650432, 18.703758564035407 ], [ 82.92424143947305, 18.703781997325247 ], [ 82.924250914753642, 18.703797991224643 ], [ 82.924274717739038, 18.703812743117119 ], [ 82.924296026957521, 18.703817727864905 ], [ 82.92439054940246, 18.70381432637334 ], [ 82.924418805721302, 18.703815366947047 ], [ 82.924482080427794, 18.703875698774056 ], [ 82.924521510177456, 18.703907422058936 ], [ 82.924547166834756, 18.70392806395115 ], [ 82.924651059887935, 18.704011284272909 ], [ 82.924740397223246, 18.704087397078492 ], [ 82.924815941192989, 18.704143759757226 ], [ 82.924844278764638, 18.704167487150187 ], [ 82.92491697610977, 18.704178943524091 ], [ 82.924988666616684, 18.704188384810887 ], [ 82.925069179719927, 18.704196254796543 ], [ 82.925134307079787, 18.704202598864399 ], [ 82.925204786099044, 18.704216740197431 ], [ 82.925254520186883, 18.704230949153356 ], [ 82.92527700323437, 18.704163284711644 ], [ 82.92526784170839, 18.704160454549694 ], [ 82.925254102289216, 18.70415621153488 ], [ 82.925112712312355, 18.704104237409275 ], [ 82.924994605407207, 18.704055901385594 ], [ 82.924825605066772, 18.70400324217044 ], [ 82.92474765417839, 18.70398376882298 ], [ 82.924679959402496, 18.703928110551164 ], [ 82.924556119166411, 18.703822020688236 ], [ 82.924479482045584, 18.703755066928132 ], [ 82.924402648588497, 18.703692794705731 ], [ 82.924368849266742, 18.703664176348369 ], [ 82.924353545747536, 18.703651220769842 ], [ 82.924259096100073, 18.703580808222735 ], [ 82.924167401964539, 18.703506580323204 ], [ 82.924095967432237, 18.703442436716525 ], [ 82.923997786749297, 18.703365665415831 ], [ 82.923935115670375, 18.703316180523608 ], [ 82.923874135123725, 18.70327182667431 ], [ 82.923858421258487, 18.703261897100237 ], [ 82.923824948313964, 18.703315647278636 ] ] ] } },
{ "type": "Feature", "properties": { "OBJECTID_1": 32, "OBJECTID": 2074.0, "VILL_CODE": "0814040", "VILL_NAME": "Aligan", "PLOT_NO": "1033", "DIST_NAME": "Koraput", "TEH_NAME": "Semiliguda", "Area_Acre": 1.3278914023699999 }, "geometry": { "type": "Polygon", "coordinates": [ [ [ 82.924521510177456, 18.703907422058936 ], [ 82.924482080427794, 18.703875698774056 ], [ 82.924418805721302, 18.703815366947047 ], [ 82.92439054940246, 18.70381432637334 ], [ 82.924296026957521, 18.703817727864905 ], [ 82.924274717739038, 18.703812743117119 ], [ 82.924250914753642, 18.703797991224643 ], [ 82.92424143947305, 18.703781997325247 ], [ 82.924233985650432, 18.703758564035407 ], [ 82.924259666773196, 18.703726369165725 ], [ 82.924271466309065, 18.703705190913148 ], [ 82.924252527323077, 18.703683617273029 ], [ 82.924203250467457, 18.703644341497807 ], [ 82.924138611090925, 18.703582191495503 ], [ 82.924024418289505, 18.703481027748744 ], [ 82.923963068123314, 18.703425537125888 ], [ 82.923897336609812, 18.703365215856454 ], [ 82.92384955288415, 18.703326091773931 ], [ 82.923824948313964, 18.703315647278636 ], [ 82.923782408208083, 18.703328362785406 ], [ 82.92375684229043, 18.703339217436167 ], [ 82.923646799384969, 18.703385932818414 ], [ 82.923576640467132, 18.703409554698897 ], [ 82.92352968365374, 18.703428074590875 ], [ 82.923471121963544, 18.703447760593527 ], [ 82.923436928234835, 18.703464002127074 ], [ 82.923419087960056, 18.703507341956744 ], [ 82.923387352278041, 18.703588163298615 ], [ 82.923355693730599, 18.703663732438581 ], [ 82.923305990145465, 18.703760166248607 ], [ 82.923270231262762, 18.703838163307456 ], [ 82.923268283508591, 18.703843235955127 ], [ 82.923329829024908, 18.703848904647145 ], [ 82.923395631256597, 18.703850636928173 ], [ 82.923465342015746, 18.703870303826985 ], [ 82.923511499494182, 18.703874575641628 ], [ 82.923614908966897, 18.703878987092327 ], [ 82.92369122420827, 18.70388393584561 ], [ 82.923717740602726, 18.703891155501967 ], [ 82.923789164967388, 18.703912038718304 ], [ 82.923843489684131, 18.703930146050784 ], [ 82.923902244982401, 18.703943428051836 ], [ 82.923944141375159, 18.703950575623537 ], [ 82.924042009769764, 18.703958686180449 ], [ 82.924176826924551, 18.703966658568334 ], [ 82.924248637052216, 18.703975705043309 ], [ 82.924335565896456, 18.703986809569706 ], [ 82.924405667529527, 18.703996680251318 ], [ 82.924433436744494, 18.703996141276299 ], [ 82.924455275879339, 18.703972699021669 ], [ 82.924521510177456, 18.703907422058936 ] ] ] } },
{ "type": "Feature", "properties": { "OBJECTID_1": 33, "OBJECTID": 2075.0, "VILL_CODE": "0814040", "VILL_NAME": "Aligan", "PLOT_NO": "1032", "DIST_NAME": "Koraput", "TEH_NAME": "Semiliguda", "Area_Acre": 3.3141232544400001 }, "geometry": { "type": "Polygon", "coordinates": [ [ [ 82.925039162765657, 18.70457580233542 ], [ 82.925053468614379, 18.704549910608357 ], [ 82.925080830135215, 18.704517009988823 ], [ 82.924992128622691, 18.704458169976842 ], [ 82.924899873368318, 18.704401289731752 ], [ 82.924884578423104, 18.704390191486617 ], [ 82.924877512647797, 18.704326729579563 ], [ 82.924868511848359, 18.704265102453721 ], [ 82.924851867191322, 18.704206081512627 ], [ 82.924844278764638, 18.704167487150187 ], [ 82.924815941192989, 18.704143759757226 ], [ 82.924740397223246, 18.704087397078492 ], [ 82.924651059887935, 18.704011284272909 ], [ 82.924547166834756, 18.70392806395115 ], [ 82.924521510177456, 18.703907422058936 ], [ 82.924455275879339, 18.703972699021669 ], [ 82.924433436744494, 18.703996141276299 ], [ 82.924405667529527, 18.703996680251318 ], [ 82.924335565896456, 18.703986809569706 ], [ 82.924248637052216, 18.703975705043309 ], [ 82.924176826924551, 18.703966658568334 ], [ 82.924042009769764, 18.703958686180449 ], [ 82.923944141375159, 18.703950575623537 ], [ 82.923902244982401, 18.703943428051836 ], [ 82.923843489684131, 18.703930146050784 ], [ 82.923789164967388, 18.703912038718304 ], [ 82.923717740602726, 18.703891155501967 ], [ 82.92369122420827, 18.70388393584561 ], [ 82.923614908966897, 18.703878987092327 ], [ 82.923511499494182, 18.703874575641628 ], [ 82.923465342015746, 18.703870303826985 ], [ 82.923395631256597, 18.703850636928173 ], [ 82.923329829024908, 18.703848904647145 ], [ 82.923268283508591, 18.703843235955127 ], [ 82.923243772915868, 18.703907052706441 ], [ 82.92320801371244, 18.703991234369333 ], [ 82.923150986092139, 18.704131515266166 ], [ 82.923088176073065, 18.704284607737954 ], [ 82.923071219069769, 18.704326509318843 ], [ 82.92314900668751, 18.704344619116256 ], [ 82.923261808650082, 18.704370679866773 ], [ 82.923359353552812, 18.70438537708662 ], [ 82.923494951627987, 18.704407807007804 ], [ 82.923584817858838, 18.704422198970832 ], [ 82.923727165485317, 18.704455490463673 ], [ 82.923864992910922, 18.70448827536833 ], [ 82.923965445881208, 18.7045196090498 ], [ 82.924106079985478, 18.704562996950798 ], [ 82.924167706321313, 18.704586271579323 ], [ 82.924271583636525, 18.704645186552497 ], [ 82.924358607615119, 18.704691000098833 ], [ 82.924437893760825, 18.704735887580561 ], [ 82.92448001766941, 18.704755255538835 ], [ 82.924513455412395, 18.70475833242141 ], [ 82.924571885332753, 18.704768968787235 ], [ 82.924624382084261, 18.70477680412435 ], [ 82.924636260511193, 18.704785234532221 ], [ 82.924640103480641, 18.704874648694144 ], [ 82.924644332568192, 18.704920327612616 ], [ 82.924694594088933, 18.704931112861786 ], [ 82.924786549728395, 18.704948404320941 ], [ 82.924852275132636, 18.704960240350204 ], [ 82.924887300837256, 18.704887375494302 ], [ 82.924927230307418, 18.704805341456666 ], [ 82.924995354928299, 18.704653639328683 ], [ 82.925032752631566, 18.70458740807009 ], [ 82.925039162765657, 18.70457580233542 ] ] ] } },
{ "type": "Feature", "properties": { "OBJECTID_1": 34, "OBJECTID": 2076.0, "VILL_CODE": "0814040", "VILL_NAME": "Aligan", "PLOT_NO": "1031", "DIST_NAME": "Koraput", "TEH_NAME": "Semiliguda", "Area_Acre": 2.1032607455800001 }, "geometry": { "type": "Polygon", "coordinates": [ [ [ 82.924340046891373, 18.705180535132762 ], [ 82.924359106840967, 18.705159634644392 ], [ 82.924394680049701, 18.705117727013949 ], [ 82.924421656245997, 18.705080913334541 ], [ 82.92445270955956, 18.705042307018346 ], [ 82.924477471256495, 18.705017912382672 ], [ 82.924502772683752, 18.704986502802722 ], [ 82.924534242603897, 18.70494265524859 ], [ 82.92455445726786, 18.704910191244988 ], [ 82.924610945256944, 18.704913162400945 ], [ 82.924644332568192, 18.704920327612616 ], [ 82.924640103480641, 18.704874648694144 ], [ 82.924636260511193, 18.704785234532221 ], [ 82.924624382084261, 18.70477680412435 ], [ 82.924571885332753, 18.704768968787235 ], [ 82.924513455412395, 18.70475833242141 ], [ 82.92448001766941, 18.704755255538835 ], [ 82.924437893760825, 18.704735887580561 ], [ 82.924358607615119, 18.704691000098833 ], [ 82.924271583636525, 18.704645186552497 ], [ 82.924167706321313, 18.704586271579323 ], [ 82.924106079985478, 18.704562996950798 ], [ 82.923965445881208, 18.7045196090498 ], [ 82.923864992910922, 18.70448827536833 ], [ 82.923727165485317, 18.704455490463673 ], [ 82.923584817858838, 18.704422198970832 ], [ 82.923494951627987, 18.704407807007804 ], [ 82.923359353552812, 18.70438537708662 ], [ 82.923261808650082, 18.704370679866773 ], [ 82.92314900668751, 18.704344619116256 ], [ 82.923071219069769, 18.704326509318843 ], [ 82.923033446233305, 18.704419848508277 ], [ 82.92297581352264, 18.704556270874171 ], [ 82.92292795886658, 18.704667701795394 ], [ 82.922898496996382, 18.70470832237541 ], [ 82.922889905348086, 18.704728660015604 ], [ 82.922918897356368, 18.704740427338852 ], [ 82.92294039541548, 18.704746594641563 ], [ 82.923001845100373, 18.704747444812448 ], [ 82.923036474758391, 18.704755828892988 ], [ 82.923182157124074, 18.704789901427265 ], [ 82.923370458906959, 18.704840465097782 ], [ 82.923583884506527, 18.704892613627621 ], [ 82.923696752079479, 18.704925699973295 ], [ 82.923728426287951, 18.704941504887554 ], [ 82.923958677018277, 18.705026038437257 ], [ 82.924191308158768, 18.705123121525737 ], [ 82.924340046891373, 18.705180535132762 ] ] ] } },
{ "type": "Feature", "properties": { "OBJECTID_1": 35, "OBJECTID": 2077.0, "VILL_CODE": "0814040", "VILL_NAME": "Aligan", "PLOT_NO": "1030", "DIST_NAME": "Koraput", "TEH_NAME": "Semiliguda", "Area_Acre": 3.1342731113000002 }, "geometry": { "type": "Polygon", "coordinates": [ [ [ 82.923282260678135, 18.70559066898165 ], [ 82.923321505180596, 18.705601787172942 ], [ 82.923451389126981, 18.705641884563345 ], [ 82.923547772558734, 18.705668414400563 ], [ 82.923700618436982, 18.705711983444854 ], [ 82.923863582089567, 18.705759683585867 ], [ 82.923996201270839, 18.705805057203346 ], [ 82.924013558107845, 18.705762893980037 ], [ 82.924059041822744, 18.705673987891927 ], [ 82.924110769661937, 18.705583356356005 ], [ 82.924151713318835, 18.705503856882675 ], [ 82.924189359247194, 18.705427841305628 ], [ 82.924220206460888, 18.705367811444781 ], [ 82.924259031195746, 18.705305921801813 ], [ 82.924286528845087, 18.705256697438085 ], [ 82.924322540443356, 18.705199730330229 ], [ 82.924340046891373, 18.705180535132762 ], [ 82.924191308158768, 18.705123121525737 ], [ 82.923958677018277, 18.705026038437257 ], [ 82.923728426287951, 18.704941504887554 ], [ 82.923696752079479, 18.704925699973295 ], [ 82.923583884506527, 18.704892613627621 ], [ 82.923370458906959, 18.704840465097782 ], [ 82.923182157124074, 18.704789901427265 ], [ 82.923036474758391, 18.704755828892988 ], [ 82.923001845100373, 18.704747444812448 ], [ 82.92294039541548, 18.704746594641563 ], [ 82.922918897356368, 18.704740427338852 ], [ 82.922889905348086, 18.704728660015604 ], [ 82.922874319423727, 18.704765554479557 ], [ 82.922827576549665, 18.704865896605213 ], [ 82.922778554956963, 18.704955366310781 ], [ 82.922720140029952, 18.705067645411393 ], [ 82.922658934945758, 18.705187726795586 ], [ 82.92260871541734, 18.705297217046024 ], [ 82.9225845345034, 18.705347874283657 ], [ 82.922627357678138, 18.705359993009417 ], [ 82.922683159498135, 18.705378071945358 ], [ 82.922738059114337, 18.705405996232461 ], [ 82.922792455081662, 18.705424080522697 ], [ 82.92298352085092, 18.705484612187202 ], [ 82.923093734237781, 18.705525248635446 ], [ 82.923122004952319, 18.705539953009716 ], [ 82.923224701191586, 18.705574361752454 ], [ 82.923282260678135, 18.70559066898165 ] ] ] } },
{ "type": "Feature", "properties": { "OBJECTID_1": 36, "OBJECTID": 2078.0, "VILL_CODE": "0814040", "VILL_NAME": "Aligan", "PLOT_NO": "1029", "DIST_NAME": "Koraput", "TEH_NAME": "Semiliguda", "Area_Acre": 1.3527419357399999 }, "geometry": { "type": "Polygon", "coordinates": [ [ [ 82.922781378453877, 18.706250989500152 ], [ 82.922817492510475, 18.706164683984653 ], [ 82.922861150841555, 18.706085492947327 ], [ 82.922904780994756, 18.70602084315875 ], [ 82.922943432444967, 18.705961768677302 ], [ 82.922960437486168, 18.705930564551537 ], [ 82.922978228617737, 18.7059228666993 ], [ 82.923016140907649, 18.705929010099364 ], [ 82.923105099022251, 18.705957182825671 ], [ 82.923146487553154, 18.705970604372457 ], [ 82.923162904726283, 18.705910622451313 ], [ 82.923194912769702, 18.705814016103954 ], [ 82.923229711301573, 18.705711744866875 ], [ 82.923261330164081, 18.70564102191916 ], [ 82.923282260678135, 18.70559066898165 ], [ 82.923224701191586, 18.705574361752454 ], [ 82.923122004952319, 18.705539953009716 ], [ 82.923093734237781, 18.705525248635446 ], [ 82.92298352085092, 18.705484612187202 ], [ 82.922792455081662, 18.705424080522697 ], [ 82.922738059114337, 18.705405996232461 ], [ 82.922683159498135, 18.705378071945358 ], [ 82.922627357678138, 18.705359993009417 ], [ 82.9225845345034, 18.705347874283657 ], [ 82.922570583415734, 18.705377095726281 ], [ 82.922540228249815, 18.705441125043365 ], [ 82.922490679863714, 18.705538369254697 ], [ 82.922454415300734, 18.705610183167597 ], [ 82.922396030816728, 18.705733585328108 ], [ 82.922389610142758, 18.705761649965687 ], [ 82.922408558317869, 18.705771529308326 ], [ 82.922487547767673, 18.705793586562919 ], [ 82.922512387919312, 18.70580966775518 ], [ 82.922491079676831, 18.705872343130707 ], [ 82.922455514978935, 18.705957859719124 ], [ 82.922411357628178, 18.706034433251968 ], [ 82.922401333835623, 18.706052713190431 ], [ 82.922431530622617, 18.706070488407093 ], [ 82.922484151132977, 18.706106701248942 ], [ 82.922543310262199, 18.706136617218192 ], [ 82.922638308849599, 18.706180605279688 ], [ 82.922727946020842, 18.706226329503906 ], [ 82.922781378453877, 18.706250989500152 ] ] ] } },
{ "type": "Feature", "properties": { "OBJECTID_1": 37, "OBJECTID": 2079.0, "VILL_CODE": "0814040", "VILL_NAME": "Aligan", "PLOT_NO": "1028", "DIST_NAME": "Koraput", "TEH_NAME": "Semiliguda", "Area_Acre": 1.2773576335300001 }, "geometry": { "type": "Polygon", "coordinates": [ [ [ 82.922781378453877, 18.706250989500152 ], [ 82.922727946020842, 18.706226329503906 ], [ 82.922638308849599, 18.706180605279688 ], [ 82.922543310262199, 18.706136617218192 ], [ 82.922484151132977, 18.706106701248942 ], [ 82.922431530622617, 18.706070488407093 ], [ 82.922401333835623, 18.706052713190431 ], [ 82.922387383579846, 18.706078154830912 ], [ 82.922344550352534, 18.706136916173161 ], [ 82.922277591068436, 18.706226033167997 ], [ 82.922217210303756, 18.706302320472798 ], [ 82.922130690735756, 18.7063983059763 ], [ 82.922093016333434, 18.706440845479442 ], [ 82.922062514429754, 18.706483352066797 ], [ 82.921961688538445, 18.706606937365358 ], [ 82.921898046013737, 18.706682617534259 ], [ 82.921862166054396, 18.706721036300479 ], [ 82.921860915764739, 18.706735993911302 ], [ 82.921949699461024, 18.706761120915761 ], [ 82.922162018317252, 18.706823198767108 ], [ 82.922201449166266, 18.706849952950606 ], [ 82.922293227759084, 18.706897900321579 ], [ 82.922388776324809, 18.706944800786911 ], [ 82.922487621864349, 18.70699880054557 ], [ 82.922500996237659, 18.706964339031366 ], [ 82.922524450084737, 18.706909642966142 ], [ 82.922564242600785, 18.706809391151566 ], [ 82.922601510950059, 18.706732679569988 ], [ 82.922626429568552, 18.706677069595422 ], [ 82.922659169151714, 18.706606742652877 ], [ 82.922664724258368, 18.70658178461435 ], [ 82.92268541246942, 18.706496117979185 ], [ 82.922703617494804, 18.706442817283342 ], [ 82.92274383229811, 18.706339597991111 ], [ 82.922781378453877, 18.706250989500152 ] ] ] } },
{ "type": "Feature", "properties": { "OBJECTID_1": 38, "OBJECTID": 2080.0, "VILL_CODE": "0814040", "VILL_NAME": "Aligan", "PLOT_NO": "1027", "DIST_NAME": "Koraput", "TEH_NAME": "Semiliguda", "Area_Acre": 5.9499802545599998 }, "geometry": { "type": "Polygon", "coordinates": [ [ [ 82.923968143911281, 18.7069413947386 ], [ 82.923974810929934, 18.706925161038161 ], [ 82.924013489870703, 18.70684287980049 ], [ 82.924063072646803, 18.706727433391119 ], [ 82.924088684747588, 18.706664781445536 ], [ 82.924103794501903, 18.706625026231414 ], [ 82.92413088738553, 18.706552561818938 ], [ 82.924149805869433, 18.706479310465557 ], [ 82.924179345990169, 18.706364036393555 ], [ 82.9241911467753, 18.706339265342933 ], [ 82.924117629556989, 18.706311556164533 ], [ 82.924057110833232, 18.706287023523426 ], [ 82.923976001385768, 18.70625106478704 ], [ 82.923878184378822, 18.7062196932973 ], [ 82.923828423148422, 18.706202122780969 ], [ 82.923848630736671, 18.706167499806046 ], [ 82.923891559187766, 18.706116789998529 ], [ 82.923954558905464, 18.706045818880696 ], [ 82.924014374696156, 18.705990244380317 ], [ 82.924035743874398, 18.705964787902936 ], [ 82.924080155191035, 18.705907391303626 ], [ 82.924099825258679, 18.705880323453023 ], [ 82.924102011054273, 18.705860669452303 ], [ 82.924040320250569, 18.705824271961522 ], [ 82.923996201270839, 18.705805057203346 ], [ 82.923863582089567, 18.705759683585867 ], [ 82.923700618436982, 18.705711983444854 ], [ 82.923547772558734, 18.705668414400563 ], [ 82.923451389126981, 18.705641884563345 ], [ 82.923321505180596, 18.705601787172942 ], [ 82.923282260678135, 18.70559066898165 ], [ 82.923261330164081, 18.70564102191916 ], [ 82.923229711301573, 18.705711744866875 ], [ 82.923194912769702, 18.705814016103954 ], [ 82.923162904726283, 18.705910622451313 ], [ 82.923146487553154, 18.705970604372457 ], [ 82.923105099022251, 18.705957182825671 ], [ 82.923016140907649, 18.705929010099364 ], [ 82.922978228617737, 18.7059228666993 ], [ 82.922960437486168, 18.705930564551537 ], [ 82.922943432444967, 18.705961768677302 ], [ 82.922904780994756, 18.70602084315875 ], [ 82.922861150841555, 18.706085492947327 ], [ 82.922817492510475, 18.706164683984653 ], [ 82.922781378453877, 18.706250989500152 ], [ 82.92274383229811, 18.706339597991111 ], [ 82.922703617494804, 18.706442817283342 ], [ 82.92268541246942, 18.706496117979185 ], [ 82.922664724258368, 18.70658178461435 ], [ 82.922659169151714, 18.706606742652877 ], [ 82.922626429568552, 18.706677069595422 ], [ 82.922601510950059, 18.706732679569988 ], [ 82.922564242600785, 18.706809391151566 ], [ 82.922524450084737, 18.706909642966142 ], [ 82.922500996237659, 18.706964339031366 ], [ 82.922487621864349, 18.70699880054557 ], [ 82.922511490221524, 18.70701184003935 ], [ 82.922624318654897, 18.707068952992149 ], [ 82.922757303949112, 18.707142125500624 ], [ 82.922883808186626, 18.707210151846049 ], [ 82.922961563363273, 18.707254047406018 ], [ 82.923080017740915, 18.707319543603457 ], [ 82.923195173232116, 18.707384556834487 ], [ 82.923263168619499, 18.70741203031988 ], [ 82.923341028015514, 18.707433425713528 ], [ 82.923396071429067, 18.707455298263458 ], [ 82.923518151522401, 18.707500171402657 ], [ 82.923587769267016, 18.707528665200744 ], [ 82.923682963336859, 18.707574674228717 ], [ 82.92370584524771, 18.707523841387005 ], [ 82.923755515820531, 18.707422333434806 ], [ 82.923833375777932, 18.707267012055649 ], [ 82.923887674211159, 18.707138891494161 ], [ 82.923939874014366, 18.707010220621711 ], [ 82.923968143911281, 18.7069413947386 ] ] ] } },
{ "type": "Feature", "properties": { "OBJECTID_1": 39, "OBJECTID": 2081.0, "VILL_CODE": "0814040", "VILL_NAME": "Aligan", "PLOT_NO": "1026", "DIST_NAME": "Koraput", "TEH_NAME": "Semiliguda", "Area_Acre": 1.6955789801400001 }, "geometry": { "type": "Polygon", "coordinates": [ [ [ 82.924852275132636, 18.704960240350204 ], [ 82.924786549728395, 18.704948404320941 ], [ 82.924694594088933, 18.704931112861786 ], [ 82.924644332568192, 18.704920327612616 ], [ 82.924610945256944, 18.704913162400945 ], [ 82.92455445726786, 18.704910191244988 ], [ 82.924534242603897, 18.70494265524859 ], [ 82.924502772683752, 18.704986502802722 ], [ 82.924477471256495, 18.705017912382672 ], [ 82.92445270955956, 18.705042307018346 ], [ 82.924421656245997, 18.705080913334541 ], [ 82.924394680049701, 18.705117727013949 ], [ 82.924359106840967, 18.705159634644392 ], [ 82.924340046891373, 18.705180535132762 ], [ 82.924322540443356, 18.705199730330229 ], [ 82.924286528845087, 18.705256697438085 ], [ 82.924259031195746, 18.705305921801813 ], [ 82.924220206460888, 18.705367811444781 ], [ 82.924189359247194, 18.705427841305628 ], [ 82.924151713318835, 18.705503856882675 ], [ 82.924110769661937, 18.705583356356005 ], [ 82.924059041822744, 18.705673987891927 ], [ 82.924013558107845, 18.705762893980037 ], [ 82.923996201270839, 18.705805057203346 ], [ 82.924040320250569, 18.705824271961522 ], [ 82.924102011054273, 18.705860669452303 ], [ 82.924099825258679, 18.705880323453023 ], [ 82.924080155191035, 18.705907391303626 ], [ 82.924035743874398, 18.705964787902936 ], [ 82.924014374696156, 18.705990244380317 ], [ 82.923954558905464, 18.706045818880696 ], [ 82.923891559187766, 18.706116789998529 ], [ 82.923848630736671, 18.706167499806046 ], [ 82.923828423148422, 18.706202122780969 ], [ 82.923878184378822, 18.7062196932973 ], [ 82.923976001385768, 18.70625106478704 ], [ 82.924057110833232, 18.706287023523426 ], [ 82.924117629556989, 18.706311556164533 ], [ 82.9241911467753, 18.706339265342933 ], [ 82.924215361207175, 18.706319190030886 ], [ 82.924232230198996, 18.70629861016063 ], [ 82.924270003681215, 18.70624920801065 ], [ 82.924274597259526, 18.706243200280522 ], [ 82.924334611262168, 18.706138257024282 ], [ 82.924375468294784, 18.70605059446256 ], [ 82.924408699072728, 18.705990579844414 ], [ 82.924455283648214, 18.705917130203776 ], [ 82.924479222956492, 18.705865692910777 ], [ 82.924445259542381, 18.705849181712491 ], [ 82.924388837191159, 18.705827059806808 ], [ 82.924404157112647, 18.705788882446974 ], [ 82.924431462505368, 18.705730870959165 ], [ 82.924465175721792, 18.705676888733731 ], [ 82.924492513785708, 18.705633673520104 ], [ 82.924546093283894, 18.705558166386169 ], [ 82.924650895195171, 18.705584347213073 ], [ 82.924690123017712, 18.70553891310572 ], [ 82.924714077034693, 18.705509658366068 ], [ 82.924726897703763, 18.70544892101568 ], [ 82.924745059285243, 18.705358148030381 ], [ 82.92476462603075, 18.705252052679903 ], [ 82.924800671344343, 18.705141670442849 ], [ 82.924820382836728, 18.705069918659994 ], [ 82.924834140704107, 18.705013173695118 ], [ 82.924852275132636, 18.704960240350204 ] ] ] } },
{ "type": "Feature", "properties": { "OBJECTID_1": 40, "OBJECTID": 2118.0, "VILL_CODE": "0814040", "VILL_NAME": "Aligan", "PLOT_NO": "986", "DIST_NAME": "Koraput", "TEH_NAME": "Semiliguda", "Area_Acre": 2.5153092797199998 }, "geometry": { "type": "Polygon", "coordinates": [ [ [ 82.923672869305335, 18.707569795652955 ], [ 82.923587769267016, 18.707528665200744 ], [ 82.923518151522401, 18.707500171402657 ], [ 82.923396071429067, 18.707455298263458 ], [ 82.923341028015514, 18.707433425713528 ], [ 82.923263168619499, 18.70741203031988 ], [ 82.923195173232116, 18.707384556834487 ], [ 82.923080017740915, 18.707319543603457 ], [ 82.922961563363273, 18.707254047406018 ], [ 82.922883808186626, 18.707210151846049 ], [ 82.922757303949112, 18.707142125500624 ], [ 82.922624318654897, 18.707068952992149 ], [ 82.922511490221524, 18.70701184003935 ], [ 82.922487621864349, 18.70699880054557 ], [ 82.922388776324809, 18.706944800786911 ], [ 82.922293228707005, 18.706897900311851 ], [ 82.922201449166266, 18.706849952950606 ], [ 82.922162018317252, 18.706823198767108 ], [ 82.922145184091193, 18.706857543076104 ], [ 82.922099776871733, 18.706943348477001 ], [ 82.922018725526485, 18.707093493939745 ], [ 82.921942810221324, 18.707231773969134 ], [ 82.921927209613514, 18.707261527229477 ], [ 82.921985949009425, 18.707293701611245 ], [ 82.922055045511456, 18.707337764962393 ], [ 82.922137329348786, 18.707386944431235 ], [ 82.922274687603135, 18.707458061477233 ], [ 82.922423214025088, 18.707547140681228 ], [ 82.922534971567558, 18.707607279257786 ], [ 82.92277354718064, 18.707743377211344 ], [ 82.92289309380692, 18.707815315210116 ], [ 82.923072036305953, 18.707924957269103 ], [ 82.923208686694835, 18.708014570503501 ], [ 82.923302846249882, 18.708085455226385 ], [ 82.923672869305335, 18.707569795652955 ] ] ] } },
{ "type": "Feature", "properties": { "OBJECTID_1": 41, "OBJECTID": 30012.0, "VILL_CODE": "0814040", "VILL_NAME": "Aligan", "PLOT_NO": "984", "DIST_NAME": "Koraput", "TEH_NAME": "Semiliguda", "Area_Acre": 5.4540439007000003 }, "geometry": { "type": "Polygon", "coordinates": [ [ [ 82.921845568011719, 18.707510695702297 ], [ 82.921801657375283, 18.70748384465881 ], [ 82.921792288678432, 18.707498526878954 ], [ 82.921766952069902, 18.707526058260093 ], [ 82.921744323842731, 18.707581610331317 ], [ 82.921728833326029, 18.707627160942977 ], [ 82.921699354166279, 18.707775276899486 ], [ 82.921665995184782, 18.707945774389543 ], [ 82.921624837444625, 18.708116352752754 ], [ 82.921598453682293, 18.708228971655153 ], [ 82.921573908076951, 18.708295747224348 ], [ 82.921533786672995, 18.7083922215717 ], [ 82.921582275980356, 18.708404912942751 ], [ 82.921649935989535, 18.708425252751397 ], [ 82.92169415790822, 18.70844354912478 ], [ 82.921780279337426, 18.708460358821494 ], [ 82.921865697080392, 18.708489401275671 ], [ 82.92190403557413, 18.708500409759885 ], [ 82.921966859916623, 18.708554766518322 ], [ 82.922053744240216, 18.708633313174285 ], [ 82.922113863901302, 18.708687252245848 ], [ 82.922184596048623, 18.708759898244345 ], [ 82.922231257892676, 18.708830681713152 ], [ 82.922274333182173, 18.708887526513863 ], [ 82.922310603601289, 18.708950183058331 ], [ 82.922346033251529, 18.70901217970993 ], [ 82.922397279577851, 18.709086949729677 ], [ 82.922458058955158, 18.709186245629027 ], [ 82.922505687303499, 18.709254193288302 ], [ 82.92253874626708, 18.709300943309518 ], [ 82.922622937724839, 18.7093782236187 ], [ 82.922656388233378, 18.709408189128808 ], [ 82.922698704260085, 18.709397233150106 ], [ 82.922766278665236, 18.70938872905398 ], [ 82.92279894917462, 18.709382893972744 ], [ 82.922877260536026, 18.709357799119736 ], [ 82.922966121607942, 18.709313389001071 ], [ 82.923050296435562, 18.709273429155772 ], [ 82.92314724148207, 18.709223314199878 ], [ 82.923207043450162, 18.709192653687492 ], [ 82.923235117637446, 18.709184043519191 ], [ 82.92326538528377, 18.709168358070325 ], [ 82.923303026292572, 18.709145573082047 ], [ 82.923301285585268, 18.709074697443832 ], [ 82.923320420045471, 18.709047761616212 ], [ 82.923364633520166, 18.709001628806224 ], [ 82.923414172105481, 18.708948107610702 ], [ 82.92344877546104, 18.708903433028709 ], [ 82.923461823242675, 18.708829187721836 ], [ 82.923512614363304, 18.708722687012234 ], [ 82.923519823540545, 18.708709368415107 ], [ 82.923485687217763, 18.708683142904292 ], [ 82.92344142587659, 18.708637477383363 ], [ 82.923395354004441, 18.708596780105694 ], [ 82.923322840223705, 18.708528341904184 ], [ 82.923283691953429, 18.708481346465778 ], [ 82.923224719461174, 18.7084206386637 ], [ 82.923162996895385, 18.70835927610042 ], [ 82.923088948937007, 18.708287948234531 ], [ 82.923032795065694, 18.708234028413919 ], [ 82.922997492166004, 18.708201202860263 ], [ 82.922961442261808, 18.708157140470249 ], [ 82.922910986221169, 18.708113367732157 ], [ 82.922834784433604, 18.708065439773879 ], [ 82.922726004076182, 18.708010901694294 ], [ 82.922600598862189, 18.707942023861325 ], [ 82.922489476867085, 18.707879421603966 ], [ 82.922410591597753, 18.707836297207812 ], [ 82.922292123342743, 18.707773614800722 ], [ 82.922222907061226, 18.707736341764328 ], [ 82.922187614209989, 18.707711684387348 ], [ 82.922129235518824, 18.707682838991719 ], [ 82.922001430307176, 18.707603217823671 ], [ 82.921926806247271, 18.707564496888818 ], [ 82.921897414132346, 18.707547310498651 ], [ 82.921845568011719, 18.707510695702297 ] ] ] } },
{ "type": "Feature", "properties": { "OBJECTID_1": 42, "OBJECTID": 30013.0, "VILL_CODE": "0814040", "VILL_NAME": "Aligan", "PLOT_NO": "983", "DIST_NAME": "Koraput", "TEH_NAME": "Semiliguda", "Area_Acre": 3.6807727214 }, "geometry": { "type": "Polygon", "coordinates": [ [ [ 82.921582275980356, 18.708404912942751 ], [ 82.921533786672995, 18.7083922215717 ], [ 82.921522101620724, 18.708420318492525 ], [ 82.921455291088279, 18.708549246174041 ], [ 82.921400183838756, 18.708641705919757 ], [ 82.921319704006848, 18.708783808746784 ], [ 82.921261281620474, 18.708891496578342 ], [ 82.92123987415809, 18.708923369969842 ], [ 82.921247128814997, 18.708946386251156 ], [ 82.921270880843537, 18.709008211975608 ], [ 82.921289962280056, 18.709055470532029 ], [ 82.921318277884637, 18.70911843560755 ], [ 82.921343894441719, 18.709169399707136 ], [ 82.921378811958874, 18.709249287140963 ], [ 82.92140049453144, 18.709294663444901 ], [ 82.92143022495253, 18.709388793605974 ], [ 82.921434925845361, 18.709426775429705 ], [ 82.921452025417054, 18.70946861496903 ], [ 82.921475080821054, 18.709533297992927 ], [ 82.921499588692242, 18.70962006033664 ], [ 82.921522137926203, 18.709713624511402 ], [ 82.921546570789658, 18.70979886088298 ], [ 82.921579038680292, 18.709921130640435 ], [ 82.921596216505705, 18.70998172554523 ], [ 82.921664550458004, 18.70994483583592 ], [ 82.921726056815444, 18.709913015489281 ], [ 82.921808804726624, 18.709871985820737 ], [ 82.921905500102611, 18.709833693069626 ], [ 82.922004698761043, 18.709790908233767 ], [ 82.922058872446684, 18.709759821571968 ], [ 82.922121137544991, 18.709735005437331 ], [ 82.922183423278796, 18.709715793703829 ], [ 82.922265135359382, 18.709702593468602 ], [ 82.922356005321134, 18.709676942677387 ], [ 82.922397639773521, 18.70964123363914 ], [ 82.9224333918215, 18.709614363184716 ], [ 82.922532155502608, 18.709523879947998 ], [ 82.922623618312187, 18.709437863859574 ], [ 82.922656388233378, 18.709408189128808 ], [ 82.922622937724839, 18.7093782236187 ], [ 82.92253874626708, 18.709300943309518 ], [ 82.922505687303499, 18.709254193288302 ], [ 82.922458058955158, 18.709186245629027 ], [ 82.922397279577851, 18.709086949729677 ], [ 82.922346033251529, 18.70901217970993 ], [ 82.922310603601289, 18.708950183058331 ], [ 82.922274333182173, 18.708887526513863 ], [ 82.922231257892676, 18.708830681713152 ], [ 82.922184596048623, 18.708759898244345 ], [ 82.922113863901302, 18.708687252245848 ], [ 82.922053744240216, 18.708633313174285 ], [ 82.921966859916623, 18.708554766518322 ], [ 82.92190403557413, 18.708500409759885 ], [ 82.921865697080392, 18.708489401275671 ], [ 82.921780279337426, 18.708460358821494 ], [ 82.92169415790822, 18.70844354912478 ], [ 82.921649935989535, 18.708425252751397 ], [ 82.921582275980356, 18.708404912942751 ] ] ] } },
{ "type": "Feature", "properties": { "OBJECTID_1": 43, "OBJECTID": 30021.0, "VILL_CODE": "0814040", "VILL_NAME": "Aligan", "PLOT_NO": "975", "DIST_NAME": "Koraput", "TEH_NAME": "Semiliguda", "Area_Acre": 0.925134038524 }, "geometry": { "type": "Polygon", "coordinates": [ [ [ 82.920818348350664, 18.710241949548198 ], [ 82.920765740236888, 18.71021137877656 ], [ 82.920727785284498, 18.710182140247262 ], [ 82.920640113564914, 18.710103911838623 ], [ 82.920586023137659, 18.710047172326814 ], [ 82.920500896166132, 18.709969532966912 ], [ 82.920402854387788, 18.709879092981065 ], [ 82.920365536081093, 18.709848626457166 ], [ 82.920342230222772, 18.709803216065673 ], [ 82.920304686520495, 18.70970901489974 ], [ 82.920252073541874, 18.709570974820611 ], [ 82.920209363912477, 18.709485168477201 ], [ 82.920196448003296, 18.709433967450074 ], [ 82.92017529499887, 18.709368033411632 ], [ 82.920143088792997, 18.709263054247792 ], [ 82.920111878594355, 18.709182397705291 ], [ 82.920105423585653, 18.709174277320177 ], [ 82.920062329367312, 18.709171904836772 ], [ 82.919975499506506, 18.709167868346977 ], [ 82.91989964402751, 18.709165649921736 ], [ 82.919732363978412, 18.709150787449424 ], [ 82.919772867606554, 18.709170341045514 ], [ 82.919825109001238, 18.709205760783092 ], [ 82.919831483130807, 18.709225114772835 ], [ 82.919826061687715, 18.709289686899442 ], [ 82.91980812959882, 18.709399793448515 ], [ 82.91978748328242, 18.709445379605288 ], [ 82.919763979891201, 18.709470498893808 ], [ 82.919737672251628, 18.709485126016489 ], [ 82.919870271708092, 18.709593841157172 ], [ 82.919895468371266, 18.709612917368815 ], [ 82.920103086107886, 18.709795631015179 ], [ 82.920126411400588, 18.709797406555815 ], [ 82.920259523593415, 18.709807533592141 ], [ 82.9203666490112, 18.709919760694234 ], [ 82.920460632864049, 18.710092825758842 ], [ 82.920460309339276, 18.710093560821285 ], [ 82.920473502981082, 18.710116524394508 ], [ 82.920459694354946, 18.710173545214541 ], [ 82.920434495649246, 18.710224096151364 ], [ 82.920432121292933, 18.710228259823232 ], [ 82.920420189258977, 18.71024919985415 ], [ 82.920507029602618, 18.710289138540482 ], [ 82.920568901362287, 18.71036876611727 ], [ 82.920583782840666, 18.710386964157298 ], [ 82.920595465116975, 18.71037631810411 ], [ 82.920609514660441, 18.710370202681275 ], [ 82.920637936435497, 18.710357834823174 ], [ 82.920695215612525, 18.71031693387371 ], [ 82.920796773656761, 18.710258443490414 ], [ 82.920818348350664, 18.710241949548198 ] ] ] } },
{ "type": "Feature", "properties": { "OBJECTID_1": 44, "OBJECTID": 30023.0, "VILL_CODE": "0814040", "VILL_NAME": "Aligan", "PLOT_NO": "974", "DIST_NAME": "Koraput", "TEH_NAME": "Semiliguda", "Area_Acre": 1.0765842967100001 }, "geometry": { "type": "Polygon", "coordinates": [ [ [ 82.919617239687909, 18.709516090430569 ], [ 82.919668322818623, 18.709439351601542 ], [ 82.919717531143476, 18.70946861149687 ], [ 82.919737672251628, 18.709485126016489 ], [ 82.919763979891201, 18.709470498893808 ], [ 82.91978748328242, 18.709445379605288 ], [ 82.91980812959882, 18.709399793448515 ], [ 82.919826061687715, 18.709289686899442 ], [ 82.919831483130807, 18.709225114772835 ], [ 82.919825109001238, 18.709205760783092 ], [ 82.919772867606554, 18.709170341045514 ], [ 82.919732363978412, 18.709150787449424 ], [ 82.919664088596349, 18.709116587105868 ], [ 82.919536539831086, 18.708985843236015 ], [ 82.919459825865232, 18.708939118812697 ], [ 82.9193856922126, 18.708913038421777 ], [ 82.91930500927468, 18.70890199066277 ], [ 82.919230265420623, 18.708930484912056 ], [ 82.919176210856875, 18.708935432636256 ], [ 82.918984219048369, 18.708969498203047 ], [ 82.918887739693474, 18.708990069933275 ], [ 82.918808634557408, 18.709005609782142 ], [ 82.918765998856841, 18.709015561788632 ], [ 82.918797554793713, 18.709034040950797 ], [ 82.918914575966198, 18.709115201220882 ], [ 82.918996002670625, 18.709171674890097 ], [ 82.919160011189547, 18.709295147435242 ], [ 82.919555578915237, 18.709613325341731 ], [ 82.919617239687909, 18.709516090430569 ] ] ] } },
{ "type": "Feature", "properties": { "OBJECTID_1": 45, "OBJECTID": 30008.0, "VILL_CODE": "0814040", "VILL_NAME": "Aligan", "PLOT_NO": "1041", "DIST_NAME": "Koraput", "TEH_NAME": "Semiliguda", "Area_Acre": 6.0761178568599998 }, "geometry": { "type": "Polygon", "coordinates": [ [ [ 82.921310705581874, 18.708800394210964 ], [ 82.920890069111792, 18.708767454397467 ], [ 82.920095122047798, 18.708331238062964 ], [ 82.919740146380448, 18.708168500130924 ], [ 82.919732363978412, 18.709150787449424 ], [ 82.91989964402751, 18.709165649921736 ], [ 82.919975499506506, 18.709167868346977 ], [ 82.920062329367312, 18.709171904836772 ], [ 82.920105423585653, 18.709174277320177 ], [ 82.920111878594355, 18.709182397705291 ], [ 82.920143088792997, 18.709263054247792 ], [ 82.92017529499887, 18.709368033411632 ], [ 82.920196448003296, 18.709433967450074 ], [ 82.920209363912477, 18.709485168477201 ], [ 82.920252073541874, 18.709570974820611 ], [ 82.920304686520495, 18.70970901489974 ], [ 82.920342230222772, 18.709803216065673 ], [ 82.920365536081093, 18.709848626457166 ], [ 82.920402854387788, 18.709879092981065 ], [ 82.920500896166132, 18.709969532966912 ], [ 82.920586023137659, 18.710047172326814 ], [ 82.920640114512878, 18.710103911828906 ], [ 82.920727785284498, 18.710182140247262 ], [ 82.920765740236888, 18.71021137877656 ], [ 82.920818348350664, 18.710241949548198 ], [ 82.920853623283762, 18.710148769966455 ], [ 82.920882427490298, 18.710075057028718 ], [ 82.92090074921488, 18.710066612211971 ], [ 82.920954602800023, 18.710089267318398 ], [ 82.921000431014349, 18.710102935547933 ], [ 82.921065206120275, 18.710131787026835 ], [ 82.921150591962473, 18.710164820348705 ], [ 82.921178262982565, 18.710181350539298 ], [ 82.921202227229543, 18.710177072996874 ], [ 82.921273359906422, 18.710154527663995 ], [ 82.921338885739175, 18.710129129977602 ], [ 82.921400999430801, 18.710103980459063 ], [ 82.921409996176749, 18.710100337879179 ], [ 82.921494307819401, 18.710051183470227 ], [ 82.921548672979, 18.71001344602649 ], [ 82.921596216505705, 18.70998172554523 ], [ 82.921579038680292, 18.709921130640435 ], [ 82.921546570789658, 18.70979886088298 ], [ 82.921522137926203, 18.709713624511402 ], [ 82.921499588692242, 18.70962006033664 ], [ 82.921475080821054, 18.709533297992927 ], [ 82.921452025417054, 18.70946861496903 ], [ 82.921434925845361, 18.709426775429705 ], [ 82.92143022495253, 18.709388793605974 ], [ 82.92140049453144, 18.709294663444901 ], [ 82.921378811958874, 18.709249287140963 ], [ 82.921343894441719, 18.709169399707136 ], [ 82.921318277884637, 18.70911843560755 ], [ 82.921289962280056, 18.709055470532029 ], [ 82.921270880843537, 18.709008211975608 ], [ 82.921247128814997, 18.708946386251156 ], [ 82.92123987415809, 18.708923369969842 ], [ 82.921261281620474, 18.708891496578342 ], [ 82.921310705581874, 18.708800394210964 ] ] ] } },
{ "type": "Feature", "properties": { "OBJECTID_1": 46, "OBJECTID": 30036.0, "VILL_CODE": "0814040", "VILL_NAME": "Aligan", "PLOT_NO": "961", "DIST_NAME": "Koraput", "TEH_NAME": "Semiliguda", "Area_Acre": 0.96462544885099999 }, "geometry": { "type": "Polygon", "coordinates": [ [ [ 82.919740213169192, 18.708160134947008 ], [ 82.91956549363897, 18.708070045369414 ], [ 82.91931081563196, 18.708528787180779 ], [ 82.919298445278898, 18.708657702265896 ], [ 82.919298329814566, 18.708819003079739 ], [ 82.91930500927468, 18.70890199066277 ], [ 82.9193856922126, 18.708913038421777 ], [ 82.919459825865232, 18.708939118812697 ], [ 82.919536539831086, 18.708985843236015 ], [ 82.919664088596349, 18.709116587105868 ], [ 82.919732363978412, 18.709150787449424 ], [ 82.919740213169192, 18.708160134947008 ] ] ] } },
{ "type": "Feature", "properties": { "OBJECTID_1": 47, "OBJECTID": 2066.0, "VILL_CODE": "0814040", "VILL_NAME": "Aligan", "PLOT_NO": "1042", "DIST_NAME": "Koraput", "TEH_NAME": "Semiliguda", "Area_Acre": 1.5527102131399999 }, "geometry": { "type": "Polygon", "coordinates": [ [ [ 82.920561162278602, 18.700329854299994 ], [ 82.920525955260374, 18.70028499483178 ], [ 82.920471813976704, 18.700175792841389 ], [ 82.92044162222561, 18.700112216093942 ], [ 82.92040734942259, 18.70002083229187 ], [ 82.92038977963351, 18.700009034210829 ], [ 82.920284017605809, 18.699984033095237 ], [ 82.920234646949837, 18.699964756350397 ], [ 82.920206154254672, 18.69997363404417 ], [ 82.920120682814982, 18.700002623078628 ], [ 82.920070704644587, 18.70001059158233 ], [ 82.920025027068917, 18.69994942461728 ], [ 82.920003682071069, 18.699896836368737 ], [ 82.919956339395497, 18.699829576796645 ], [ 82.91991542411013, 18.699763650736905 ], [ 82.919885746652866, 18.699703200667592 ], [ 82.919795580070172, 18.69975793642358 ], [ 82.919604254979006, 18.69982212853915 ], [ 82.919407962012286, 18.699858728440653 ], [ 82.919416194483304, 18.69990497009643 ], [ 82.919516871522816, 18.700047108815305 ], [ 82.919679533251994, 18.700253720180505 ], [ 82.919787628897197, 18.700427884775475 ], [ 82.919861281489773, 18.700545632899953 ], [ 82.919816597716945, 18.70061815229251 ], [ 82.919799801838067, 18.700635386667898 ], [ 82.919799465209877, 18.70067782875574 ], [ 82.919855804113197, 18.700660557982317 ], [ 82.920561162278602, 18.700329854299994 ] ] ] } },
{ "type": "Feature", "properties": { "OBJECTID_1": 48, "OBJECTID": 1912.0, "VILL_CODE": "0814040", "VILL_NAME": "Aligan", "PLOT_NO": "1196", "DIST_NAME": "Koraput", "TEH_NAME": "Semiliguda", "Area_Acre": 1.04152666614 }, "geometry": { "type": "Polygon", "coordinates": [ [ [ 82.921259048002199, 18.696831079705696 ], [ 82.921236817409053, 18.696831813408405 ], [ 82.921188161613159, 18.696849601098236 ], [ 82.921107205451577, 18.696873312644321 ], [ 82.921043362966316, 18.696885902410283 ], [ 82.92096984240996, 18.696891515048186 ], [ 82.920905852500738, 18.696905492081974 ], [ 82.920811267757287, 18.696932714594624 ], [ 82.920722890088797, 18.696959151663137 ], [ 82.920649870761167, 18.696976175206444 ], [ 82.920565665969008, 18.696998567430704 ], [ 82.920498178041356, 18.697019953648219 ], [ 82.920424203969603, 18.697026886061956 ], [ 82.920305006484298, 18.697030919221753 ], [ 82.920203411074851, 18.697025688422983 ], [ 82.920131073923486, 18.697024614357705 ], [ 82.920028570912919, 18.697022460677967 ], [ 82.919932969946075, 18.697022468544557 ], [ 82.919882345020099, 18.697002514282374 ], [ 82.919880973358062, 18.697003446174733 ], [ 82.919815019306114, 18.697048301029067 ], [ 82.919740599151808, 18.697098912240001 ], [ 82.919815588320375, 18.697102043423563 ], [ 82.919886707835829, 18.697113921999652 ], [ 82.919910528371844, 18.697124294736412 ], [ 82.919959734957345, 18.697128427951871 ], [ 82.920027886240717, 18.697128109457083 ], [ 82.920077718588445, 18.697121322353322 ], [ 82.920104667862049, 18.697110711553844 ], [ 82.920136772223927, 18.697090846907123 ], [ 82.920151378338844, 18.697082478257521 ], [ 82.920171504070495, 18.697082384158215 ], [ 82.920198972693868, 18.697089245049028 ], [ 82.920238810579974, 18.697101726629548 ], [ 82.920264119335073, 18.697108220269818 ], [ 82.920296619454263, 18.697114621278946 ], [ 82.920336860313625, 18.697111811511483 ], [ 82.920397670944553, 18.697105411453592 ], [ 82.920476929362479, 18.697094547560468 ], [ 82.920566527246791, 18.697079711202544 ], [ 82.920636684861734, 18.697067160787952 ], [ 82.920743640654678, 18.697046127230429 ], [ 82.920840716752323, 18.697028144407742 ], [ 82.920923421149524, 18.697004602962124 ], [ 82.921039617011161, 18.696971227289882 ], [ 82.921131601387771, 18.696936190772437 ], [ 82.921199213740167, 18.696913157080857 ], [ 82.92126238280018, 18.696890959366119 ], [ 82.921297573538794, 18.696882932568439 ], [ 82.921313142669206, 18.696887663983752 ], [ 82.921330566186242, 18.696899378582316 ], [ 82.921348443555999, 18.696910652189928 ], [ 82.921374589060761, 18.696931061981235 ], [ 82.921405798853698, 18.696961059056083 ], [ 82.92143010744978, 18.696979729663507 ], [ 82.92145623249823, 18.696994460932373 ], [ 82.921466098143569, 18.697003609649663 ], [ 82.921498216101838, 18.697031419322343 ], [ 82.921523798128149, 18.697022561367739 ], [ 82.921548903711027, 18.697008026864076 ], [ 82.921590007284976, 18.696990359847263 ], [ 82.921638569602976, 18.696972102344507 ], [ 82.921702070115444, 18.696949962517746 ], [ 82.921758383748497, 18.696928648861842 ], [ 82.921831522127079, 18.696915636540481 ], [ 82.921880872722895, 18.696902298897964 ], [ 82.921957753137661, 18.696879995636788 ], [ 82.922007550757584, 18.696863599014055 ], [ 82.922066671239875, 18.696853699753444 ], [ 82.922125593840875, 18.696831143282179 ], [ 82.922157136275473, 18.696826190027203 ], [ 82.922211097078076, 18.696822442414266 ], [ 82.922277137414895, 18.696827367257221 ], [ 82.92243285779773, 18.696827032662227 ], [ 82.922532555438622, 18.696822631691813 ], [ 82.922559228363198, 18.696818546775024 ], [ 82.922579802062288, 18.696815397074246 ], [ 82.922653391894997, 18.696801072604323 ], [ 82.922715729767077, 18.696795957933801 ], [ 82.922772394898928, 18.696781275788595 ], [ 82.922824046793934, 18.696771858510264 ], [ 82.92287490613559, 18.696757570132192 ], [ 82.92293702841549, 18.696734124186197 ], [ 82.923027194445709, 18.696700390048967 ], [ 82.923125416284918, 18.696666726817298 ], [ 82.923184039497599, 18.696644122509799 ], [ 82.92323887728395, 18.696630321712654 ], [ 82.923292776330399, 18.696609535575252 ], [ 82.923322471850852, 18.696599786002995 ], [ 82.923363178899137, 18.696599158828491 ], [ 82.923412300103365, 18.696607579510076 ], [ 82.923504581334655, 18.696622217190264 ], [ 82.923542656551135, 18.696629961596269 ], [ 82.923575512846668, 18.696638858061508 ], [ 82.923605768763039, 18.696672167326209 ], [ 82.923624175318935, 18.696695029392203 ], [ 82.923646761526044, 18.69672460141722 ], [ 82.923659440582796, 18.696740099986123 ], [ 82.923682713113365, 18.696756328208959 ], [ 82.923705978480257, 18.696770999056707 ], [ 82.923739850918324, 18.696790287606206 ], [ 82.923766379019924, 18.696806111119816 ], [ 82.923821464436969, 18.696808186505876 ], [ 82.923918362502789, 18.696800340894562 ], [ 82.923965996346084, 18.696795838328494 ], [ 82.923951456433215, 18.696716167566272 ], [ 82.923933280296879, 18.696656568605039 ], [ 82.923907259260446, 18.696571352294487 ], [ 82.923883452548296, 18.696519341765537 ], [ 82.923826831071864, 18.69651571928603 ], [ 82.923765808356549, 18.696521181274427 ], [ 82.923741604483922, 18.696524379189043 ], [ 82.923737452684648, 18.696527181646552 ], [ 82.923725501540943, 18.69653524688005 ], [ 82.923720510361463, 18.696583992649916 ], [ 82.923712192241993, 18.696622294128062 ], [ 82.923702524062776, 18.696627274345978 ], [ 82.923682165083662, 18.696621818975164 ], [ 82.923663077148035, 18.696610807356372 ], [ 82.923623938873334, 18.696590947669634 ], [ 82.92355138953009, 18.696559150967722 ], [ 82.923505818104246, 18.696545488567143 ], [ 82.923435391220679, 18.696539527793906 ], [ 82.92335125861149, 18.696533338106036 ], [ 82.923283218096103, 18.69652882893492 ], [ 82.923262552651721, 18.696533754813267 ], [ 82.923196653505258, 18.696547782001627 ], [ 82.923107593417228, 18.696577613060409 ], [ 82.923020190789416, 18.696609746986965 ], [ 82.92292607410819, 18.696639161871463 ], [ 82.922812489823983, 18.696674479470559 ], [ 82.922709669219316, 18.696711836693272 ], [ 82.922599768959131, 18.69674977868392 ], [ 82.922539150550548, 18.696764111049902 ], [ 82.92246747338649, 18.696770594302386 ], [ 82.922401076982482, 18.696780561965024 ], [ 82.922323417235631, 18.696784878742648 ], [ 82.922204360482425, 18.696780608583577 ], [ 82.922129159579001, 18.696782806011125 ], [ 82.922055209807311, 18.696796321819065 ], [ 82.922009290870264, 18.696808390292581 ], [ 82.921906263841635, 18.696839243889258 ], [ 82.921781363983882, 18.696871875466528 ], [ 82.921721452054868, 18.696882712340788 ], [ 82.921639728981077, 18.696907677749966 ], [ 82.921545514505965, 18.69694106789639 ], [ 82.921510617985376, 18.696950888570935 ], [ 82.921472392048685, 18.696929118335163 ], [ 82.921413245123745, 18.696894595212783 ], [ 82.921347853193637, 18.696859344696627 ], [ 82.921300406645813, 18.696829716357271 ], [ 82.921259048002199, 18.696831079705696 ] ] ] } },
{ "type": "Feature", "properties": { "OBJECTID_1": 49, "OBJECTID": 1914.0, "VILL_CODE": "0814040", "VILL_NAME": "Aligan", "PLOT_NO": "1194", "DIST_NAME": "Koraput", "TEH_NAME": "Semiliguda", "Area_Acre": 0.98145627303799998 }, "geometry": { "type": "Polygon", "coordinates": [ [ [ 82.923591947078705, 18.696576926441718 ], [ 82.923723380736163, 18.696555957187766 ], [ 82.923725501540943, 18.69653524688005 ], [ 82.923737452684648, 18.696527181646552 ], [ 82.923735625202923, 18.69647417498447 ], [ 82.923726397415848, 18.696401421152224 ], [ 82.92371442021917, 18.696349368718284 ], [ 82.923698542507822, 18.696297522526422 ], [ 82.923683806256349, 18.696251556534349 ], [ 82.923675051125258, 18.696229780695504 ], [ 82.923659667148115, 18.696240429609311 ], [ 82.923612654846025, 18.696258315765224 ], [ 82.923530940615876, 18.696289209914426 ], [ 82.923474976016138, 18.696311420266746 ], [ 82.923403186489494, 18.696340159139606 ], [ 82.923336049666119, 18.696372592102865 ], [ 82.923286669730473, 18.696355694823655 ], [ 82.923158087984731, 18.696358981350361 ], [ 82.923107650617467, 18.696359754352823 ], [ 82.923039878866589, 18.696371313654094 ], [ 82.922964824818933, 18.696383976582982 ], [ 82.922889457033719, 18.696402100988305 ], [ 82.922781929912674, 18.696424016964848 ], [ 82.922685025085173, 18.696438389948067 ], [ 82.922595674017714, 18.696452782990185 ], [ 82.922518403517131, 18.696472416454512 ], [ 82.922452317211764, 18.696485573530573 ], [ 82.922426569363054, 18.69649425804462 ], [ 82.922429554437485, 18.696545630392098 ], [ 82.922434305618182, 18.696622443095233 ], [ 82.922396832726605, 18.696644029910559 ], [ 82.92234526899739, 18.696680231713344 ], [ 82.922311720530274, 18.696701799053901 ], [ 82.922259720114511, 18.696735766709747 ], [ 82.922204360482425, 18.696780608583577 ], [ 82.922323417235631, 18.696784878742648 ], [ 82.922401076982482, 18.696780561965024 ], [ 82.92246747338649, 18.696770594302386 ], [ 82.922539150550548, 18.696764111049902 ], [ 82.922599768959131, 18.69674977868392 ], [ 82.922709669219316, 18.696711836693272 ], [ 82.922809818928044, 18.696675450002253 ], [ 82.922812489823983, 18.696674479470559 ], [ 82.92292607410819, 18.696639161871463 ], [ 82.923020190789416, 18.696609746986965 ], [ 82.923107593417228, 18.696577613060409 ], [ 82.923196653505258, 18.696547782001627 ], [ 82.923262552651721, 18.696533754813267 ], [ 82.923283218096103, 18.69652882893492 ], [ 82.92335125861149, 18.696533338106036 ], [ 82.923435391220679, 18.696539527793906 ], [ 82.923505818104246, 18.696545488567143 ], [ 82.92355138953009, 18.696559150967722 ], [ 82.923591947078705, 18.696576926441718 ] ] ] } },
{ "type": "Feature", "properties": { "OBJECTID_1": 50, "OBJECTID": 2036.0, "VILL_CODE": "0814040", "VILL_NAME": "Aligan", "PLOT_NO": "1072", "DIST_NAME": "Koraput", "TEH_NAME": "Semiliguda", "Area_Acre": 2.2814353520399999 }, "geometry": { "type": "Polygon", "coordinates": [ [ [ 82.925773243588978, 18.700191590585241 ], [ 82.925699498709534, 18.70018685644925 ], [ 82.925637241943861, 18.70020602269021 ], [ 82.925487298881436, 18.700254146170856 ], [ 82.925386339128536, 18.700290192209458 ], [ 82.925267892064454, 18.700324867582633 ], [ 82.925217051401802, 18.700348336728595 ], [ 82.925234933805527, 18.700453798163306 ], [ 82.92524527502502, 18.700581824217924 ], [ 82.925262418849215, 18.700699343543263 ], [ 82.925280623259496, 18.700802170987348 ], [ 82.92531087618957, 18.700947262618179 ], [ 82.925333605267539, 18.701113598835736 ], [ 82.92537743044241, 18.701095122463851 ], [ 82.925485230668428, 18.701046598979481 ], [ 82.925614729556983, 18.700994698805932 ], [ 82.925729070063781, 18.700940402198672 ], [ 82.925785572881296, 18.700924858891621 ], [ 82.925882606438776, 18.700900393752089 ], [ 82.926069575343348, 18.70084858217955 ], [ 82.9261136328427, 18.700841352261737 ], [ 82.926151353959156, 18.700829021863139 ], [ 82.926224209712245, 18.700805256682706 ], [ 82.926296444077053, 18.700783297412059 ], [ 82.92636866416521, 18.700757732835822 ], [ 82.92639815617666, 18.700740177738627 ], [ 82.926409443911652, 18.700718212370397 ], [ 82.926418648808408, 18.700655110903497 ], [ 82.926424122756401, 18.700603438611065 ], [ 82.926444062686727, 18.70053638290204 ], [ 82.926470236288324, 18.700470798890588 ], [ 82.926520742446783, 18.70036719320996 ], [ 82.926534588037129, 18.700335191095231 ], [ 82.926436413341847, 18.700315661474857 ], [ 82.92633719375057, 18.700293432371165 ], [ 82.926191910483936, 18.700262901013506 ], [ 82.92607401619594, 18.700239500437611 ], [ 82.925968715888061, 18.70022914451992 ], [ 82.925856911915517, 18.700208618149201 ], [ 82.925773243588978, 18.700191590585241 ] ] ] } },
{ "type": "Feature", "properties": { "OBJECTID_1": 51, "OBJECTID": 2039.0, "VILL_CODE": "0814040", "VILL_NAME": "Aligan", "PLOT_NO": "1069", "DIST_NAME": "Koraput", "TEH_NAME": "Semiliguda", "Area_Acre": 3.8121898334000002 }, "geometry": { "type": "Polygon", "coordinates": [ [ [ 82.925637241943861, 18.70020602269021 ], [ 82.925699498709534, 18.70018685644925 ], [ 82.925773243588978, 18.700191590585241 ], [ 82.925856911915517, 18.700208618149201 ], [ 82.925968715888061, 18.70022914451992 ], [ 82.92607401619594, 18.700239500437611 ], [ 82.926191910483936, 18.700262901013506 ], [ 82.92633719375057, 18.700293432371165 ], [ 82.926436413341847, 18.700315661474857 ], [ 82.926534588037129, 18.700335191095231 ], [ 82.926558917319852, 18.70027895442502 ], [ 82.926602462064267, 18.700173244912285 ], [ 82.926621053496234, 18.700115876540202 ], [ 82.926623262917161, 18.69998567547184 ], [ 82.92659452102275, 18.699813092911135 ], [ 82.926587201196384, 18.699797905380063 ], [ 82.926506386297305, 18.69983413521452 ], [ 82.926446301505791, 18.699865268263988 ], [ 82.926371312848303, 18.699835472694698 ], [ 82.926261564521852, 18.699788819282663 ], [ 82.926120404000585, 18.69973058820667 ], [ 82.926004807262984, 18.699668489851778 ], [ 82.92595248916659, 18.699614047988142 ], [ 82.925914585700212, 18.699628254734048 ], [ 82.925848572166018, 18.699651270119787 ], [ 82.92575709278789, 18.699687140336984 ], [ 82.925667994479582, 18.699740166714545 ], [ 82.925586231888957, 18.699789013604182 ], [ 82.925527745875598, 18.699809222423482 ], [ 82.925450674580503, 18.699820661397329 ], [ 82.925327038078095, 18.699851781042234 ], [ 82.925210604271825, 18.699881123748845 ], [ 82.925128742671831, 18.699900361066877 ], [ 82.925007083839049, 18.699928067068043 ], [ 82.924918443460101, 18.699946757795747 ], [ 82.924819060549581, 18.699976205234666 ], [ 82.924762265985152, 18.699983116628673 ], [ 82.924680582580692, 18.700001774662695 ], [ 82.924605863227725, 18.700022615122485 ], [ 82.924463605981487, 18.70005996907242 ], [ 82.924296190867167, 18.70010062739977 ], [ 82.924190399498869, 18.700127332567252 ], [ 82.924091353788356, 18.700154932357282 ], [ 82.923988263941098, 18.700187153792424 ], [ 82.924042166346126, 18.70022210378966 ], [ 82.924140858433162, 18.700296736176391 ], [ 82.92425510991265, 18.700377796307087 ], [ 82.92429491690649, 18.700404898619563 ], [ 82.924395566714722, 18.700471720825291 ], [ 82.924492321059219, 18.700538359825071 ], [ 82.924596011938121, 18.700611528621248 ], [ 82.924678634990286, 18.70063260197492 ], [ 82.924787278610026, 18.700661605472462 ], [ 82.924899397260845, 18.700682273778927 ], [ 82.925014243212473, 18.700709132943281 ], [ 82.925162117533262, 18.700707801333738 ], [ 82.925262418849215, 18.700699343543263 ], [ 82.92524527502502, 18.700581824217924 ], [ 82.925234933805527, 18.700453798163306 ], [ 82.925217051401802, 18.700348336728595 ], [ 82.925267892064454, 18.700324867582633 ], [ 82.925386339128536, 18.700290192209458 ], [ 82.925487298881436, 18.700254146170856 ], [ 82.925637241943861, 18.70020602269021 ] ] ] } },
{ "type": "Feature", "properties": { "OBJECTID_1": 52, "OBJECTID": 2040.0, "VILL_CODE": "0814040", "VILL_NAME": "Aligan", "PLOT_NO": "1068", "DIST_NAME": "Koraput", "TEH_NAME": "Semiliguda", "Area_Acre": 0.62532974826099996 }, "geometry": { "type": "Polygon", "coordinates": [ [ [ 82.925980787968882, 18.699201613857529 ], [ 82.925938364963471, 18.699175050093359 ], [ 82.925922165347316, 18.699217685757926 ], [ 82.925907345111256, 18.699307000739278 ], [ 82.925908331120638, 18.699353851225005 ], [ 82.925915430163741, 18.69938405448627 ], [ 82.925927533358106, 18.699453108090918 ], [ 82.925930243590955, 18.699526755265151 ], [ 82.92595248916659, 18.699614047988142 ], [ 82.926004807262984, 18.699668489851778 ], [ 82.926120404000585, 18.69973058820667 ], [ 82.926261564521852, 18.699788819282663 ], [ 82.926371312848303, 18.699835472694698 ], [ 82.926446301505791, 18.699865268263988 ], [ 82.926506386297305, 18.69983413521452 ], [ 82.926587201196384, 18.699797905380063 ], [ 82.926554728926163, 18.699750381160023 ], [ 82.926510468687852, 18.699696276734326 ], [ 82.926495671374241, 18.699678187568427 ], [ 82.926479724380968, 18.699661292752193 ], [ 82.926432975941381, 18.699613075062853 ], [ 82.926385185160754, 18.699562885131357 ], [ 82.9263405025563, 18.699513669621982 ], [ 82.926312315065061, 18.6994680445098 ], [ 82.926270737024126, 18.699418812436178 ], [ 82.926222993043467, 18.699379870976461 ], [ 82.926131876707643, 18.699314333986347 ], [ 82.92606972200285, 18.699267160705261 ], [ 82.925980787968882, 18.699201613857529 ] ] ] } },
{ "type": "Feature", "properties": { "OBJECTID_1": 53, "OBJECTID": 2041.0, "VILL_CODE": "0814040", "VILL_NAME": "Aligan", "PLOT_NO": "1067", "DIST_NAME": "Koraput", "TEH_NAME": "Semiliguda", "Area_Acre": 2.7980880426799999 }, "geometry": { "type": "Polygon", "coordinates": [ [ [ 82.925449504177365, 18.699302878515525 ], [ 82.925427938062356, 18.699321147031505 ], [ 82.925374874116656, 18.699343227937113 ], [ 82.925328096483213, 18.699365823339548 ], [ 82.925213053153357, 18.699411378427591 ], [ 82.925121180727089, 18.699447284893683 ], [ 82.924985382903174, 18.699503591926685 ], [ 82.924832714807962, 18.699559605938596 ], [ 82.924732266541383, 18.699593916361472 ], [ 82.92466260505779, 18.699608979214467 ], [ 82.924576116225325, 18.699636846900603 ], [ 82.924453367678865, 18.699667441922589 ], [ 82.924284663706999, 18.699718085061114 ], [ 82.924182495127923, 18.699750765983296 ], [ 82.924062626352935, 18.699787895234746 ], [ 82.923974394396097, 18.699809764873113 ], [ 82.923865941236571, 18.699843021450381 ], [ 82.923783747706011, 18.699869058705659 ], [ 82.923701561258184, 18.699896731893926 ], [ 82.923606254211336, 18.699931016992071 ], [ 82.923567502645582, 18.699946961075234 ], [ 82.923592108968379, 18.699963731168953 ], [ 82.923726083646969, 18.700036354874683 ], [ 82.923809857904885, 18.70008609404977 ], [ 82.923898854380525, 18.700141250518712 ], [ 82.923955764162841, 18.70016608061751 ], [ 82.923988263941098, 18.700187153792424 ], [ 82.924091353788356, 18.700154932357282 ], [ 82.924190399498869, 18.700127332567252 ], [ 82.924296190867167, 18.70010062739977 ], [ 82.924463605981487, 18.70005996907242 ], [ 82.924605863227725, 18.700022615122485 ], [ 82.924680582580692, 18.700001774662695 ], [ 82.924762265985152, 18.699983116628673 ], [ 82.924819060549581, 18.699976205234666 ], [ 82.924918443460101, 18.699946757795747 ], [ 82.925007083839049, 18.699928067068043 ], [ 82.925128742671831, 18.699900361066877 ], [ 82.925210604271825, 18.699881123748845 ], [ 82.925327038078095, 18.699851781042234 ], [ 82.925450674580503, 18.699820661397329 ], [ 82.925527745875598, 18.699809222423482 ], [ 82.925586231888957, 18.699789013604182 ], [ 82.925667994479582, 18.699740166714545 ], [ 82.92575709278789, 18.699687140336984 ], [ 82.925848572166018, 18.699651270119787 ], [ 82.925914585700212, 18.699628254734048 ], [ 82.92595248916659, 18.699614047988142 ], [ 82.925930243590955, 18.699526755265151 ], [ 82.925927533358106, 18.699453108090918 ], [ 82.925915430163741, 18.69938405448627 ], [ 82.925908331120638, 18.699353851225005 ], [ 82.925907345111256, 18.699307000739278 ], [ 82.925922165347316, 18.699217685757926 ], [ 82.925938364963471, 18.699175050093359 ], [ 82.925894867405034, 18.699129086228883 ], [ 82.925864301801539, 18.699103761136357 ], [ 82.92574117877956, 18.699118287696418 ], [ 82.925603186875108, 18.699134788138586 ], [ 82.925554968256222, 18.699144717513022 ], [ 82.925481749121914, 18.699265129835368 ], [ 82.925449504177365, 18.699302878515525 ] ] ] } },
{ "type": "Feature", "properties": { "OBJECTID_1": 54, "OBJECTID": 2043.0, "VILL_CODE": "0814040", "VILL_NAME": "Aligan", "PLOT_NO": "1065", "DIST_NAME": "Koraput", "TEH_NAME": "Semiliguda", "Area_Acre": 2.5316026136300001 }, "geometry": { "type": "Polygon", "coordinates": [ [ [ 82.924450141784916, 18.699185678171613 ], [ 82.924434175076726, 18.69919326703976 ], [ 82.924314667609409, 18.699249572584897 ], [ 82.924243896752884, 18.699284066839077 ], [ 82.92417314618227, 18.699324048955575 ], [ 82.924112597258315, 18.699359103140665 ], [ 82.92405012414514, 18.699392336851066 ], [ 82.923929214312381, 18.699450656669423 ], [ 82.923830984462541, 18.699486499489097 ], [ 82.923734047452086, 18.699526603836453 ], [ 82.923658144129192, 18.699554410359955 ], [ 82.923584432240347, 18.699583698513162 ], [ 82.923480478456995, 18.69962627775584 ], [ 82.92339950000715, 18.699663868479707 ], [ 82.923307680858713, 18.699706389077928 ], [ 82.923237616811548, 18.6997314027771 ], [ 82.923246331536561, 18.699738510682284 ], [ 82.923350932492383, 18.699813529192809 ], [ 82.923482973160844, 18.699889352868215 ], [ 82.923567502645582, 18.699946961075234 ], [ 82.923606254211336, 18.699931016992071 ], [ 82.923701561258184, 18.699896731893926 ], [ 82.923783747706011, 18.699869058705659 ], [ 82.923865941236571, 18.699843021450381 ], [ 82.923974394396097, 18.699809764873113 ], [ 82.924062626352935, 18.699787895234746 ], [ 82.924182495127923, 18.699750765983296 ], [ 82.924284663706999, 18.699718085061114 ], [ 82.924453367678865, 18.699667441922589 ], [ 82.924576116225325, 18.699636846900603 ], [ 82.92466260505779, 18.699608979214467 ], [ 82.924732266541383, 18.699593916361472 ], [ 82.924832714807962, 18.699559605938596 ], [ 82.924985382903174, 18.699503591926685 ], [ 82.925121180727089, 18.699447284893683 ], [ 82.925213053153357, 18.699411378427591 ], [ 82.925328096483213, 18.699365823339548 ], [ 82.925374874116656, 18.699343227937113 ], [ 82.925427938062356, 18.699321147031505 ], [ 82.925449504177365, 18.699302878515525 ], [ 82.925426566927086, 18.699280550137413 ], [ 82.925376823532218, 18.699219537487959 ], [ 82.925357663378506, 18.699188093951264 ], [ 82.925315496687929, 18.699137077163886 ], [ 82.925290592905966, 18.699097778912133 ], [ 82.925221611414841, 18.699004452595254 ], [ 82.925179480268511, 18.698940978563186 ], [ 82.925135376672742, 18.69887845345853 ], [ 82.925126286527174, 18.698862879316131 ], [ 82.925073171487, 18.698884625495939 ], [ 82.924973962003193, 18.698928683518176 ], [ 82.924888538669663, 18.698973615350003 ], [ 82.924796711694157, 18.699013696646361 ], [ 82.924640103438804, 18.699091038409499 ], [ 82.924552131399494, 18.69913720138911 ], [ 82.924450141784916, 18.699185678171613 ] ] ] } },
{ "type": "Feature", "properties": { "OBJECTID_1": 55, "OBJECTID": 2044.0, "VILL_CODE": "0814040", "VILL_NAME": "Aligan", "PLOT_NO": "1064", "DIST_NAME": "Koraput", "TEH_NAME": "Semiliguda", "Area_Acre": 0.81503808485499996 }, "geometry": { "type": "Polygon", "coordinates": [ [ [ 82.924450141784916, 18.699185678171613 ], [ 82.924552131399494, 18.69913720138911 ], [ 82.924640103438804, 18.699091038409499 ], [ 82.924796711694157, 18.699013696646361 ], [ 82.924888538669663, 18.698973615350003 ], [ 82.924973962003193, 18.698928683518176 ], [ 82.925073171487, 18.698884625495939 ], [ 82.925126286527174, 18.698862879316131 ], [ 82.925121961425475, 18.698855472571399 ], [ 82.925143245283948, 18.698771083375803 ], [ 82.925149343501218, 18.698691922654199 ], [ 82.92513197379256, 18.698628332544025 ], [ 82.925121623167811, 18.698577158814178 ], [ 82.925102910539977, 18.698493564273978 ], [ 82.92509516912115, 18.698475448593289 ], [ 82.924951421330789, 18.698568659352127 ], [ 82.924868226671876, 18.698611642251169 ], [ 82.924703666740882, 18.698708079330594 ], [ 82.924568021688941, 18.698780715945002 ], [ 82.924454813892609, 18.69882552267487 ], [ 82.924391212841428, 18.698854723581078 ], [ 82.924297407669357, 18.698899784555188 ], [ 82.924270924346942, 18.698916640828543 ], [ 82.924292188754222, 18.698951767699512 ], [ 82.924300292195269, 18.698974239462398 ], [ 82.924367372702648, 18.699073709755393 ], [ 82.924413754988436, 18.699142935599195 ], [ 82.924450141784916, 18.699185678171613 ] ] ] } },
{ "type": "Feature", "properties": { "OBJECTID_1": 56, "OBJECTID": 2045.0, "VILL_CODE": "0814040", "VILL_NAME": "Aligan", "PLOT_NO": "1063", "DIST_NAME": "Koraput", "TEH_NAME": "Semiliguda", "Area_Acre": 1.43238042407 }, "geometry": { "type": "Polygon", "coordinates": [ [ [ 82.92509516912115, 18.698475448593289 ], [ 82.925059885177518, 18.698407163215904 ], [ 82.92500051200831, 18.698290524610922 ], [ 82.924950747608719, 18.698198770567714 ], [ 82.924928283794173, 18.698151722306537 ], [ 82.924916429146535, 18.698116341703592 ], [ 82.924799558052868, 18.69809693350615 ], [ 82.924749418121323, 18.698096217861124 ], [ 82.924697406079289, 18.698128808634486 ], [ 82.924662278236866, 18.69814768514685 ], [ 82.924596124467286, 18.698193821059835 ], [ 82.92453613423551, 18.698223913613205 ], [ 82.924454243739376, 18.698258230266131 ], [ 82.924391183876025, 18.698291931711648 ], [ 82.924345097175404, 18.698310225048932 ], [ 82.924268751662225, 18.698354459944468 ], [ 82.924201490735143, 18.698394415259539 ], [ 82.924123504443273, 18.698438675072634 ], [ 82.924020682419155, 18.698501467135838 ], [ 82.923995831897997, 18.698516170996264 ], [ 82.92400459786171, 18.698553232958485 ], [ 82.924044795193552, 18.698652495980649 ], [ 82.924081769652034, 18.698744401431419 ], [ 82.924115905214904, 18.698788860142312 ], [ 82.924160099783236, 18.698825665970435 ], [ 82.924228304831914, 18.698875263970937 ], [ 82.924270924346942, 18.698916640828543 ], [ 82.924297407669357, 18.698899784555188 ], [ 82.924391212841428, 18.698854723581078 ], [ 82.924454813892609, 18.69882552267487 ], [ 82.924568021688941, 18.698780715945002 ], [ 82.924703666740882, 18.698708079330594 ], [ 82.924868226671876, 18.698611642251169 ], [ 82.924951421330789, 18.698568659352127 ], [ 82.92509516912115, 18.698475448593289 ] ] ] } },
{ "type": "Feature", "properties": { "OBJECTID_1": 57, "OBJECTID": 2046.0, "VILL_CODE": "0814040", "VILL_NAME": "Aligan", "PLOT_NO": "1062", "DIST_NAME": "Koraput", "TEH_NAME": "Semiliguda", "Area_Acre": 1.94946631481 }, "geometry": { "type": "Polygon", "coordinates": [ [ [ 82.923606525048811, 18.699050660298777 ], [ 82.923577946418135, 18.69906272291005 ], [ 82.923358307120935, 18.699160231752451 ], [ 82.923280245116032, 18.699196414818505 ], [ 82.923191044614029, 18.699241793907706 ], [ 82.923090675294276, 18.699287225197207 ], [ 82.923003896513535, 18.699340213012775 ], [ 82.922910761482939, 18.699400852665491 ], [ 82.922827191924426, 18.699459159175866 ], [ 82.922784386346308, 18.699487157062997 ], [ 82.922821147528097, 18.699505411539437 ], [ 82.922978457752663, 18.699576706092458 ], [ 82.923105715401533, 18.6996448090648 ], [ 82.92318068888035, 18.699684973460929 ], [ 82.923237616811548, 18.6997314027771 ], [ 82.923307680858713, 18.699706389077928 ], [ 82.92339950000715, 18.699663868479707 ], [ 82.923480478456995, 18.69962627775584 ], [ 82.923584432240347, 18.699583698513162 ], [ 82.923658144129192, 18.699554410359955 ], [ 82.923734047452086, 18.699526603836453 ], [ 82.923830984462541, 18.699486499489097 ], [ 82.923929214312381, 18.699450656669423 ], [ 82.92405012414514, 18.699392336851066 ], [ 82.924112597258315, 18.699359103140665 ], [ 82.92417314618227, 18.699324048955575 ], [ 82.924243896752884, 18.699284066839077 ], [ 82.924314667609409, 18.699249572584897 ], [ 82.924434175076726, 18.69919326703976 ], [ 82.924450141784916, 18.699185678171613 ], [ 82.924413754988436, 18.699142935599195 ], [ 82.924367372702648, 18.699073709755393 ], [ 82.924300292195269, 18.698974239462398 ], [ 82.924292188754222, 18.698951767699512 ], [ 82.924270924346942, 18.698916640828543 ], [ 82.924228304831914, 18.698875263970937 ], [ 82.924160099783236, 18.698825665970435 ], [ 82.924058868137692, 18.698867977247716 ], [ 82.924002301699076, 18.698891103705275 ], [ 82.923844873001997, 18.698961640777526 ], [ 82.923732503009361, 18.698997984569871 ], [ 82.92366558060273, 18.699025732345799 ], [ 82.923606525048811, 18.699050660298777 ] ] ] } },
{ "type": "Feature", "properties": { "OBJECTID_1": 58, "OBJECTID": 2047.0, "VILL_CODE": "0814040", "VILL_NAME": "Aligan", "PLOT_NO": "1061", "DIST_NAME": "Koraput", "TEH_NAME": "Semiliguda", "Area_Acre": 1.31488345062 }, "geometry": { "type": "Polygon", "coordinates": [ [ [ 82.923370192322622, 18.698682040069325 ], [ 82.923314109847539, 18.698714360582663 ], [ 82.923090177872723, 18.698831808501584 ], [ 82.923019567657406, 18.698864253568985 ], [ 82.922930426881422, 18.698902323483598 ], [ 82.922807165599963, 18.698963806888294 ], [ 82.922682458457601, 18.699019492630875 ], [ 82.922561004053591, 18.699099794861247 ], [ 82.922411022368905, 18.699210411949139 ], [ 82.922337547753102, 18.699260806720059 ], [ 82.922378799525546, 18.699284433782442 ], [ 82.922414525133675, 18.699307785056025 ], [ 82.922461298385912, 18.699339748881755 ], [ 82.922519103930767, 18.699376614278073 ], [ 82.92258463567596, 18.699399205437697 ], [ 82.922695205237048, 18.699442872399239 ], [ 82.922784386346308, 18.699487157062997 ], [ 82.922827191924426, 18.699459159175866 ], [ 82.922910761482939, 18.699400852665491 ], [ 82.923003896513535, 18.699340213012775 ], [ 82.923090675294276, 18.699287225197207 ], [ 82.923191044614029, 18.699241793907706 ], [ 82.923280245116032, 18.699196414818505 ], [ 82.923358307120935, 18.699160231752451 ], [ 82.923577946418135, 18.69906272291005 ], [ 82.923606525048811, 18.699050660298777 ], [ 82.923588408228426, 18.699030141388267 ], [ 82.923549337231279, 18.698969889554089 ], [ 82.923510181885675, 18.698909301609991 ], [ 82.9234750235767, 18.698856454450684 ], [ 82.92342748222724, 18.698773877275141 ], [ 82.923378101771675, 18.698693730100917 ], [ 82.923370192322622, 18.698682040069325 ] ] ] } },
{ "type": "Feature", "properties": { "OBJECTID_1": 59, "OBJECTID": 2048.0, "VILL_CODE": "0814040", "VILL_NAME": "Aligan", "PLOT_NO": "1060", "DIST_NAME": "Koraput", "TEH_NAME": "Semiliguda", "Area_Acre": 4.6355449475999997 }, "geometry": { "type": "Polygon", "coordinates": [ [ [ 82.923370192322622, 18.698682040069325 ], [ 82.923345530639452, 18.698645582002172 ], [ 82.923293894652389, 18.698568846556924 ], [ 82.92326370101469, 18.698522197165374 ], [ 82.923227009993354, 18.69846003816075 ], [ 82.923192937804799, 18.698415037481446 ], [ 82.923170640993575, 18.698385588020592 ], [ 82.923126946960053, 18.698320135698786 ], [ 82.923068876893311, 18.698249086167525 ], [ 82.922991942421305, 18.698168694822154 ], [ 82.922930888657788, 18.698098023648232 ], [ 82.922862629275244, 18.698033986778274 ], [ 82.922816482944185, 18.698059770372065 ], [ 82.922760616807551, 18.69808966740721 ], [ 82.922712388940184, 18.698124962446826 ], [ 82.922603122024071, 18.698193462436194 ], [ 82.92255758695768, 18.698219824197647 ], [ 82.922426298451683, 18.698109713740887 ], [ 82.922336601061616, 18.69803633861466 ], [ 82.922242551695604, 18.697953408626638 ], [ 82.922172383711185, 18.697896792531242 ], [ 82.922147376448635, 18.697878897084365 ], [ 82.922131286521051, 18.69790596864841 ], [ 82.922069369760209, 18.697956736229081 ], [ 82.921961998306202, 18.69804368083706 ], [ 82.921836339804784, 18.69815043631802 ], [ 82.921596468273947, 18.698346882125946 ], [ 82.921490965258968, 18.698438904282064 ], [ 82.921341087407512, 18.698569158290031 ], [ 82.921263870349506, 18.698648313427782 ], [ 82.921230405337894, 18.698683874193932 ], [ 82.921275403910514, 18.698706377250165 ], [ 82.921361994820018, 18.69877312944212 ], [ 82.921437035346145, 18.698826104908942 ], [ 82.921479680352689, 18.698850058487764 ], [ 82.92152851085325, 18.698879284085212 ], [ 82.921575507185707, 18.698912642512667 ], [ 82.921697184340587, 18.69895920093732 ], [ 82.921866793548134, 18.69904179562019 ], [ 82.922007031184947, 18.699104171642542 ], [ 82.922168526895817, 18.699185522128943 ], [ 82.922297638455603, 18.699241469636313 ], [ 82.922331862767408, 18.699257548667116 ], [ 82.922337547753102, 18.699260806720059 ], [ 82.922411022368905, 18.699210411949139 ], [ 82.922561004053591, 18.699099794861247 ], [ 82.922682458457601, 18.699019492630875 ], [ 82.922807165599963, 18.698963806888294 ], [ 82.922930426881422, 18.698902323483598 ], [ 82.923019567657406, 18.698864253568985 ], [ 82.923090177872723, 18.698831808501584 ], [ 82.923314109847539, 18.698714360582663 ], [ 82.923370192322622, 18.698682040069325 ] ] ] } },
{ "type": "Feature", "properties": { "OBJECTID_1": 60, "OBJECTID": 2049.0, "VILL_CODE": "0814040", "VILL_NAME": "Aligan", "PLOT_NO": "1059", "DIST_NAME": "Koraput", "TEH_NAME": "Semiliguda", "Area_Acre": 0.490539840118 }, "geometry": { "type": "Polygon", "coordinates": [ [ [ 82.922862629275244, 18.698033986778274 ], [ 82.922810078551052, 18.697970315445883 ], [ 82.922778851953012, 18.697924346864614 ], [ 82.922720802214684, 18.697853728812692 ], [ 82.922652253458068, 18.697766737848106 ], [ 82.922584759494512, 18.697777512748246 ], [ 82.922488090671919, 18.697795981051755 ], [ 82.922390837039032, 18.6978208413747 ], [ 82.922306035664221, 18.697842125727885 ], [ 82.922147376448635, 18.697878897084365 ], [ 82.922172383711185, 18.697896792531242 ], [ 82.922242551695604, 18.697953408626638 ], [ 82.922336601061616, 18.69803633861466 ], [ 82.922426298451683, 18.698109713740887 ], [ 82.92255758695768, 18.698219824197647 ], [ 82.922603122024071, 18.698193462436194 ], [ 82.922712388940184, 18.698124962446826 ], [ 82.922760616807551, 18.69808966740721 ], [ 82.922816482944185, 18.698059770372065 ], [ 82.922862629275244, 18.698033986778274 ] ] ] } },
{ "type": "Feature", "properties": { "OBJECTID_1": 61, "OBJECTID": 2050.0, "VILL_CODE": "0814040", "VILL_NAME": "Aligan", "PLOT_NO": "1058", "DIST_NAME": "Koraput", "TEH_NAME": "Semiliguda", "Area_Acre": 1.7630776609700001 }, "geometry": { "type": "Polygon", "coordinates": [ [ [ 82.922041494965541, 18.697724976045329 ], [ 82.922089582423737, 18.69779362318798 ], [ 82.922126972802644, 18.697846488433083 ], [ 82.922147376448635, 18.697878897084365 ], [ 82.922306035664221, 18.697842125727885 ], [ 82.922390837039032, 18.6978208413747 ], [ 82.922488090671919, 18.697795981051755 ], [ 82.922584759494512, 18.697777512748246 ], [ 82.922652253458068, 18.697766737848106 ], [ 82.922720802214684, 18.697853728812692 ], [ 82.922778851953012, 18.697924346864614 ], [ 82.922810078551052, 18.697970315445883 ], [ 82.922862629275244, 18.698033986778274 ], [ 82.922930888657788, 18.698098023648232 ], [ 82.922991942421305, 18.698168694822154 ], [ 82.923068876893311, 18.698249086167525 ], [ 82.923126946960053, 18.698320135698786 ], [ 82.923170640993575, 18.698385588020592 ], [ 82.923192937804799, 18.698415037481446 ], [ 82.923282926578565, 18.698359835900135 ], [ 82.923347619473745, 18.69832624543319 ], [ 82.923429401527571, 18.698283814296172 ], [ 82.923515003264853, 18.698235867583083 ], [ 82.923543661105867, 18.698213542565757 ], [ 82.923566759293337, 18.698175474288639 ], [ 82.923577462208655, 18.698159956244943 ], [ 82.923523903865117, 18.698101773636779 ], [ 82.923413656921809, 18.69797340099306 ], [ 82.923302086040053, 18.697843035420917 ], [ 82.923248632445308, 18.697787981890848 ], [ 82.923146633450642, 18.697690660707138 ], [ 82.923089146830051, 18.697631714226159 ], [ 82.92302788143985, 18.697577290011839 ], [ 82.922987824672575, 18.697529505880016 ], [ 82.922936461783394, 18.697441985517557 ], [ 82.922900404535767, 18.697376900154886 ], [ 82.922887003069036, 18.697353338952521 ], [ 82.92282336087429, 18.697377786990142 ], [ 82.922699267411375, 18.697424336696567 ], [ 82.922650832090639, 18.697440911058646 ], [ 82.922581032012417, 18.697465305631038 ], [ 82.922527837775789, 18.697480539348962 ], [ 82.922434532793105, 18.69751522963972 ], [ 82.922329191418271, 18.697572029129795 ], [ 82.92226750214887, 18.697604558577993 ], [ 82.922167581900396, 18.697660153288396 ], [ 82.922076467496936, 18.697707350990111 ], [ 82.922041494965541, 18.697724976045329 ] ] ] } },
{ "type": "Feature", "properties": { "OBJECTID_1": 62, "OBJECTID": 2051.0, "VILL_CODE": "0814040", "VILL_NAME": "Aligan", "PLOT_NO": "1057", "DIST_NAME": "Koraput", "TEH_NAME": "Semiliguda", "Area_Acre": 2.8152651623899998 }, "geometry": { "type": "Polygon", "coordinates": [ [ [ 82.923606525048811, 18.699050660298777 ], [ 82.92366558060273, 18.699025732345799 ], [ 82.923732503009361, 18.698997984569871 ], [ 82.923844873001997, 18.698961640777526 ], [ 82.924002301699076, 18.698891103705275 ], [ 82.924058868137692, 18.698867977247716 ], [ 82.924160099783236, 18.698825665970435 ], [ 82.924115905214904, 18.698788860142312 ], [ 82.924081769652034, 18.698744401431419 ], [ 82.924044795193552, 18.698652495980649 ], [ 82.92400459786171, 18.698553232958485 ], [ 82.923995831897997, 18.698516170996264 ], [ 82.924020682419155, 18.698501467135838 ], [ 82.924123504443273, 18.698438675072634 ], [ 82.924201490735143, 18.698394415259539 ], [ 82.924268751662225, 18.698354459944468 ], [ 82.924345097175404, 18.698310225048932 ], [ 82.924391183876025, 18.698291931711648 ], [ 82.924454243739376, 18.698258230266131 ], [ 82.92453613423551, 18.698223913613205 ], [ 82.924596124467286, 18.698193821059835 ], [ 82.924662278236866, 18.69814768514685 ], [ 82.924697406079289, 18.698128808634486 ], [ 82.924749418121323, 18.698096217861124 ], [ 82.924799558052868, 18.69809693350615 ], [ 82.924916429146535, 18.698116341703592 ], [ 82.924940861557758, 18.698110198933712 ], [ 82.925002720917107, 18.698094174529199 ], [ 82.925104340851973, 18.698076876381933 ], [ 82.925162271249619, 18.698073891147445 ], [ 82.9251707661561, 18.698066256093007 ], [ 82.925167849900305, 18.698045109678468 ], [ 82.925135240377486, 18.698015226145504 ], [ 82.925102203458252, 18.697989882011644 ], [ 82.925089698302571, 18.697987770915805 ], [ 82.925050538274647, 18.697997720947953 ], [ 82.925020497973961, 18.698016309498019 ], [ 82.924998946917981, 18.698026175373332 ], [ 82.92500117102135, 18.698012602591348 ], [ 82.925014621120567, 18.697961539494774 ], [ 82.925020731146347, 18.697922990540778 ], [ 82.924989859666766, 18.697896824649394 ], [ 82.92492053268748, 18.697890096150175 ], [ 82.92483639614764, 18.697872046621487 ], [ 82.9247891637458, 18.69784893951752 ], [ 82.924765223246951, 18.697825722459676 ], [ 82.924736715410191, 18.697796559198764 ], [ 82.924698496710505, 18.697752250015519 ], [ 82.924659716348629, 18.697712008230447 ], [ 82.92460665775981, 18.69764823786667 ], [ 82.924590091974125, 18.697622273751243 ], [ 82.924547235786477, 18.697644637158326 ], [ 82.924518945152244, 18.69767141586987 ], [ 82.924518616678313, 18.697718422630455 ], [ 82.924515586555259, 18.697828758573429 ], [ 82.924465679760999, 18.697872227974912 ], [ 82.924385628442323, 18.697933376270168 ], [ 82.924355846179296, 18.69795408413345 ], [ 82.924317972676803, 18.69791154287304 ], [ 82.924284531627833, 18.697867290257086 ], [ 82.924262023406314, 18.697868798673621 ], [ 82.924176641664346, 18.697906396911932 ], [ 82.924136835642926, 18.69792352901484 ], [ 82.924083302134648, 18.697946570141919 ], [ 82.924029546765041, 18.697970197121844 ], [ 82.923863623259621, 18.698046883979544 ], [ 82.923772229705577, 18.698083776760594 ], [ 82.923651270004797, 18.698132496521275 ], [ 82.923577462208655, 18.698159956244943 ], [ 82.923566759293337, 18.698175474288639 ], [ 82.923543661105867, 18.698213542565757 ], [ 82.923515003264853, 18.698235867583083 ], [ 82.923429401527571, 18.698283814296172 ], [ 82.923347619473745, 18.69832624543319 ], [ 82.923282926578565, 18.698359835900135 ], [ 82.923192937804799, 18.698415037481446 ], [ 82.923227009993354, 18.69846003816075 ], [ 82.92326370101469, 18.698522197165374 ], [ 82.923293894652389, 18.698568846556924 ], [ 82.923345530639452, 18.698645582002172 ], [ 82.923370192322622, 18.698682040069325 ], [ 82.923378101771675, 18.698693730100917 ], [ 82.92342748222724, 18.698773877275141 ], [ 82.9234750235767, 18.698856454450684 ], [ 82.923510181885675, 18.698909301609991 ], [ 82.923549337231279, 18.698969889554089 ], [ 82.923588408228426, 18.699030141388267 ], [ 82.923606525048811, 18.699050660298777 ] ] ] } },
{ "type": "Feature", "properties": { "OBJECTID_1": 63, "OBJECTID": 2052.0, "VILL_CODE": "0814040", "VILL_NAME": "Aligan", "PLOT_NO": "1056", "DIST_NAME": "Koraput", "TEH_NAME": "Semiliguda", "Area_Acre": 0.89654099784600005 }, "geometry": { "type": "Polygon", "coordinates": [ [ [ 82.924136835642926, 18.69792352901484 ], [ 82.924110463615406, 18.697879258016748 ], [ 82.924079659650417, 18.697832379240822 ], [ 82.924006352926042, 18.697707025499213 ], [ 82.923961773204269, 18.697631995690447 ], [ 82.923922606210425, 18.69755357952215 ], [ 82.923895322922078, 18.697521860506964 ], [ 82.923843432623642, 18.697542407600057 ], [ 82.923768525658048, 18.697566446676454 ], [ 82.923704831031287, 18.697588177245596 ], [ 82.923622056641506, 18.697624802627118 ], [ 82.923558980145273, 18.697654427861227 ], [ 82.923501797317201, 18.69768120203495 ], [ 82.923449072057707, 18.697696239682827 ], [ 82.923368898474749, 18.697733839234527 ], [ 82.923288722525385, 18.697770309540527 ], [ 82.923248632445308, 18.697787981890848 ], [ 82.923302086040053, 18.697843035420917 ], [ 82.923413656921809, 18.69797340099306 ], [ 82.923523903865117, 18.698101773636779 ], [ 82.923577462208655, 18.698159956244943 ], [ 82.923651270004797, 18.698132496521275 ], [ 82.923772229705577, 18.698083776760594 ], [ 82.923863623259621, 18.698046883979544 ], [ 82.924029546765041, 18.697970197121844 ], [ 82.924083302134648, 18.697946570141919 ], [ 82.924136835642926, 18.69792352901484 ] ] ] } },
{ "type": "Feature", "properties": { "OBJECTID_1": 64, "OBJECTID": 2053.0, "VILL_CODE": "0814040", "VILL_NAME": "Aligan", "PLOT_NO": "1055", "DIST_NAME": "Koraput", "TEH_NAME": "Semiliguda", "Area_Acre": 0.56930846232200005 }, "geometry": { "type": "Polygon", "coordinates": [ [ [ 82.924518945152244, 18.69767141586987 ], [ 82.924466965415277, 18.697652092926589 ], [ 82.924395251329059, 18.697625304555565 ], [ 82.924334058837175, 18.697605544943279 ], [ 82.924263648191683, 18.697597621285912 ], [ 82.924220429602286, 18.697597233746659 ], [ 82.92421144918147, 18.6975120883343 ], [ 82.924206499567958, 18.697403786503102 ], [ 82.924201115652892, 18.697384637489161 ], [ 82.924193258044312, 18.697333915077085 ], [ 82.924183731039989, 18.697311964710998 ], [ 82.924134053332935, 18.697339463342232 ], [ 82.924051574934168, 18.697392865432356 ], [ 82.924015080363944, 18.69742518293533 ], [ 82.923953839339305, 18.697472845519229 ], [ 82.923895322922078, 18.697521860506964 ], [ 82.923922606210425, 18.69755357952215 ], [ 82.923961773204269, 18.697631995690447 ], [ 82.924006352926042, 18.697707025499213 ], [ 82.924079659650417, 18.697832379240822 ], [ 82.924110463615406, 18.697879258016748 ], [ 82.924136835642926, 18.69792352901484 ], [ 82.924176641664346, 18.697906396911932 ], [ 82.924262023406314, 18.697868798673621 ], [ 82.924284531627833, 18.697867290257086 ], [ 82.924317972676803, 18.69791154287304 ], [ 82.924355846179296, 18.69795408413345 ], [ 82.924385628442323, 18.697933376270168 ], [ 82.924465679760999, 18.697872227974912 ], [ 82.924515586555259, 18.697828758573429 ], [ 82.924518616678313, 18.697718422630455 ], [ 82.924518945152244, 18.69767141586987 ] ] ] } },
{ "type": "Feature", "properties": { "OBJECTID_1": 65, "OBJECTID": 2054.0, "VILL_CODE": "0814040", "VILL_NAME": "Aligan", "PLOT_NO": "1054", "DIST_NAME": "Koraput", "TEH_NAME": "Semiliguda", "Area_Acre": 0.449238129007 }, "geometry": { "type": "Polygon", "coordinates": [ [ [ 82.924518945152244, 18.69767141586987 ], [ 82.924547235786477, 18.697644637158326 ], [ 82.924590091974125, 18.697622273751243 ], [ 82.924625835681624, 18.697610169073148 ], [ 82.924670636476122, 18.697589341324058 ], [ 82.924694994361317, 18.697570238419043 ], [ 82.924726738582024, 18.697551099430953 ], [ 82.924766881857963, 18.697508217134999 ], [ 82.924792641477111, 18.697495374775368 ], [ 82.924802579067446, 18.697481018159248 ], [ 82.924804076432295, 18.697434103292775 ], [ 82.924796307416869, 18.697357020896508 ], [ 82.924791687935894, 18.697348977560978 ], [ 82.924751403714708, 18.697340144031937 ], [ 82.924674834235276, 18.697321919155126 ], [ 82.924640689679208, 18.697307173121491 ], [ 82.924580232963763, 18.697285488131755 ], [ 82.924500317307007, 18.697268118711143 ], [ 82.924502759452977, 18.697290102937743 ], [ 82.924500599541204, 18.697346511110144 ], [ 82.924410888588866, 18.697358775833223 ], [ 82.924337481558567, 18.697373843518069 ], [ 82.924274927010728, 18.697384289161121 ], [ 82.924206499567958, 18.697403786503102 ], [ 82.92421144918147, 18.6975120883343 ], [ 82.924220429602286, 18.697597233746659 ], [ 82.924263648191683, 18.697597621285912 ], [ 82.924334058837175, 18.697605544943279 ], [ 82.924395251329059, 18.697625304555565 ], [ 82.924466965415277, 18.697652092926589 ], [ 82.924518945152244, 18.69767141586987 ] ] ] } },
{ "type": "Feature", "properties": { "OBJECTID_1": 66, "OBJECTID": 2055.0, "VILL_CODE": "0814040", "VILL_NAME": "Aligan", "PLOT_NO": "1053", "DIST_NAME": "Koraput", "TEH_NAME": "Semiliguda", "Area_Acre": 3.7213891488200002 }, "geometry": { "type": "Polygon", "coordinates": [ [ [ 82.922887003069036, 18.697353338952521 ], [ 82.922900404535767, 18.697376900154886 ], [ 82.922936461783394, 18.697441985517557 ], [ 82.922987824672575, 18.697529505880016 ], [ 82.92302788143985, 18.697577290011839 ], [ 82.923089146830051, 18.697631714226159 ], [ 82.923146633450642, 18.697690660707138 ], [ 82.923248632445308, 18.697787981890848 ], [ 82.923288722525385, 18.697770309540527 ], [ 82.923368898474749, 18.697733839234527 ], [ 82.923449072057707, 18.697696239682827 ], [ 82.923501797317201, 18.69768120203495 ], [ 82.923558980145273, 18.697654427861227 ], [ 82.923622056641506, 18.697624802627118 ], [ 82.923704831031287, 18.697588177245596 ], [ 82.923768525658048, 18.697566446676454 ], [ 82.923843432623642, 18.697542407600057 ], [ 82.923895322922078, 18.697521860506964 ], [ 82.923953839339305, 18.697472845519229 ], [ 82.924015080363944, 18.69742518293533 ], [ 82.924051574934168, 18.697392865432356 ], [ 82.924134053332935, 18.697339463342232 ], [ 82.924183731039989, 18.697311964710998 ], [ 82.924193258044312, 18.697333915077085 ], [ 82.924201115652892, 18.697384637489161 ], [ 82.924206499567958, 18.697403786503102 ], [ 82.924274927010728, 18.697384289161121 ], [ 82.924337481558567, 18.697373843518069 ], [ 82.924410888588866, 18.697358775833223 ], [ 82.924500599541204, 18.697346511110144 ], [ 82.924502759452977, 18.697290102937743 ], [ 82.924500317307007, 18.697268118711143 ], [ 82.924439401032515, 18.697241334235937 ], [ 82.924348777982004, 18.697190174031121 ], [ 82.924278376646456, 18.697153282156989 ], [ 82.924282178858505, 18.697127516384018 ], [ 82.924265276861746, 18.697083118388779 ], [ 82.924234195861786, 18.697024297843296 ], [ 82.924210942072719, 18.696965697787725 ], [ 82.924193057577639, 18.69693929727109 ], [ 82.92417251136871, 18.696899915248242 ], [ 82.924148284737086, 18.69685555356358 ], [ 82.924124059014332, 18.696811690536759 ], [ 82.924087403927743, 18.696803367964918 ], [ 82.923965996346084, 18.696795838328494 ], [ 82.923918362502789, 18.696800340894562 ], [ 82.923821464436969, 18.696808186505876 ], [ 82.923766379019924, 18.696806111119816 ], [ 82.923739850918324, 18.696790287606206 ], [ 82.923705978480257, 18.696770999056707 ], [ 82.923682713113365, 18.696756328208959 ], [ 82.923659440582796, 18.696740099986123 ], [ 82.923646761526044, 18.69672460141722 ], [ 82.923624175318935, 18.696695029392203 ], [ 82.923605768763039, 18.696672167326209 ], [ 82.923575512846668, 18.696638858061508 ], [ 82.923542656551135, 18.696629961596269 ], [ 82.923504581334655, 18.696622217190264 ], [ 82.923412300103365, 18.696607579510076 ], [ 82.923363178899137, 18.696599158828491 ], [ 82.923322471850852, 18.696599786002995 ], [ 82.923292776330399, 18.696609535575252 ], [ 82.92323887728395, 18.696630321712654 ], [ 82.923184039497599, 18.696644122509799 ], [ 82.923125416284918, 18.696666726817298 ], [ 82.923027194445709, 18.696700390048967 ], [ 82.92293702841549, 18.696734124186197 ], [ 82.92287490613559, 18.696757570132192 ], [ 82.922824046793934, 18.696771858510264 ], [ 82.922772394898928, 18.696781275788595 ], [ 82.922715729767077, 18.696795957933801 ], [ 82.922653391894997, 18.696801072604323 ], [ 82.922579802062288, 18.696815397074246 ], [ 82.922559228363198, 18.696818546775024 ], [ 82.922582168822288, 18.696862882138728 ], [ 82.922621902303675, 18.696923365954351 ], [ 82.922649415878951, 18.696975087512058 ], [ 82.922685163239976, 18.697038688232979 ], [ 82.922735625808329, 18.697104765999601 ], [ 82.922821153772645, 18.697239017167099 ], [ 82.922864686967941, 18.697314105008299 ], [ 82.922887003069036, 18.697353338952521 ] ] ] } },
{ "type": "Feature", "properties": { "OBJECTID_1": 67, "OBJECTID": 2056.0, "VILL_CODE": "0814040", "VILL_NAME": "Aligan", "PLOT_NO": "1052", "DIST_NAME": "Koraput", "TEH_NAME": "Semiliguda", "Area_Acre": 2.2916170597300001 }, "geometry": { "type": "Polygon", "coordinates": [ [ [ 82.921458053542139, 18.697169263879147 ], [ 82.921491185091156, 18.697186503419552 ], [ 82.921532878109034, 18.697210224669895 ], [ 82.921559401900097, 18.697239451266217 ], [ 82.921603226148434, 18.697282502202938 ], [ 82.921669925579195, 18.69736537594013 ], [ 82.921711616604625, 18.69741461526063 ], [ 82.921766856919533, 18.697468187472147 ], [ 82.921786899782333, 18.697487624461747 ], [ 82.921851803247748, 18.697544994821616 ], [ 82.921917786581616, 18.697602874438545 ], [ 82.921992558650217, 18.697676947555951 ], [ 82.92203800219913, 18.697719989901362 ], [ 82.922041494965541, 18.697724976045329 ], [ 82.922076467496936, 18.697707350990111 ], [ 82.922167581900396, 18.697660153288396 ], [ 82.92226750214887, 18.697604558577993 ], [ 82.922329191418271, 18.697572029129795 ], [ 82.922434532793105, 18.69751522963972 ], [ 82.922527837775789, 18.697480539348962 ], [ 82.922581032012417, 18.697465305631038 ], [ 82.922650832090639, 18.697440911058646 ], [ 82.922699267411375, 18.697424336696567 ], [ 82.92282336087429, 18.697377786990142 ], [ 82.922887003069036, 18.697353338952521 ], [ 82.922864686967941, 18.697314105008299 ], [ 82.922821153772645, 18.697239017167099 ], [ 82.922735625808329, 18.697104765999601 ], [ 82.922685163239976, 18.697038688232979 ], [ 82.922649415878951, 18.696975087512058 ], [ 82.922621902303675, 18.696923365954351 ], [ 82.922582168822288, 18.696862882138728 ], [ 82.922559228363198, 18.696818546775024 ], [ 82.922532555438622, 18.696822631691813 ], [ 82.92243285779773, 18.696827032662227 ], [ 82.922277137414895, 18.696827367257221 ], [ 82.922211097078076, 18.696822442414266 ], [ 82.922157136275473, 18.696826190027203 ], [ 82.922125593840875, 18.696831143282179 ], [ 82.922066671239875, 18.696853699753444 ], [ 82.922007550757584, 18.696863599014055 ], [ 82.921957753137661, 18.696879995636788 ], [ 82.921880872722895, 18.696902298897964 ], [ 82.921831522127079, 18.696915636540481 ], [ 82.921758383748497, 18.696928648861842 ], [ 82.921702070115444, 18.696949962517746 ], [ 82.921638569602976, 18.696972102344507 ], [ 82.921590007284976, 18.696990359847263 ], [ 82.921548903711027, 18.697008026864076 ], [ 82.921523798128149, 18.697022561367739 ], [ 82.921498216101838, 18.697031419322343 ], [ 82.921469660870272, 18.697047054272385 ], [ 82.921449208564013, 18.697056933780825 ], [ 82.921427713135287, 18.697077116316851 ], [ 82.921424531645116, 18.697092065722313 ], [ 82.921434356528053, 18.697125490794775 ], [ 82.921453914018926, 18.697167111062004 ], [ 82.921458053542139, 18.697169263879147 ] ] ] } },
{ "type": "Feature", "properties": { "OBJECTID_1": 68, "OBJECTID": 2057.0, "VILL_CODE": "0814040", "VILL_NAME": "Aligan", "PLOT_NO": "1051", "DIST_NAME": "Koraput", "TEH_NAME": "Semiliguda", "Area_Acre": 2.2737014150700001 }, "geometry": { "type": "Polygon", "coordinates": [ [ [ 82.922147376448635, 18.697878897084365 ], [ 82.922126972802644, 18.697846488433083 ], [ 82.922089582423737, 18.69779362318798 ], [ 82.922041494965541, 18.697724976045329 ], [ 82.92203800219913, 18.697719989901362 ], [ 82.921992558650217, 18.697676947555951 ], [ 82.921917786581616, 18.697602874438545 ], [ 82.921851803247748, 18.697544994821616 ], [ 82.921786899782333, 18.697487624461747 ], [ 82.921766856919533, 18.697468187472147 ], [ 82.921743374861705, 18.697482019692799 ], [ 82.921632382547358, 18.697554215413259 ], [ 82.921513044174645, 18.697635161944977 ], [ 82.921440814954821, 18.697686427090968 ], [ 82.921354629055571, 18.697746152770172 ], [ 82.921279461670835, 18.697804033696151 ], [ 82.921158139166721, 18.697890642040456 ], [ 82.921110555633803, 18.697930475050203 ], [ 82.92098896491828, 18.698027187771132 ], [ 82.920872034492106, 18.698126932336525 ], [ 82.920771276382709, 18.698213703763884 ], [ 82.920741254490963, 18.698237167083395 ], [ 82.920774315641111, 18.698265630294181 ], [ 82.92083613533903, 18.698331407944082 ], [ 82.920896250963622, 18.69838478410507 ], [ 82.920967475681707, 18.698450883608249 ], [ 82.921003877729405, 18.698491451411158 ], [ 82.921061683144913, 18.698553308733189 ], [ 82.921128014326314, 18.698614106616954 ], [ 82.921219141973552, 18.698677221412566 ], [ 82.92122098690588, 18.698679164671908 ], [ 82.921230405337894, 18.698683874193932 ], [ 82.921263870349506, 18.698648313427782 ], [ 82.921341087407512, 18.698569158290031 ], [ 82.921490965258968, 18.698438904282064 ], [ 82.921596468273947, 18.698346882125946 ], [ 82.921836339804784, 18.69815043631802 ], [ 82.921961998306202, 18.69804368083706 ], [ 82.922069369760209, 18.697956736229081 ], [ 82.922131286521051, 18.69790596864841 ], [ 82.922147376448635, 18.697878897084365 ] ] ] } },
{ "type": "Feature", "properties": { "OBJECTID_1": 69, "OBJECTID": 2058.0, "VILL_CODE": "0814040", "VILL_NAME": "Aligan", "PLOT_NO": "1050", "DIST_NAME": "Koraput", "TEH_NAME": "Semiliguda", "Area_Acre": 1.7759262741699999 }, "geometry": { "type": "Polygon", "coordinates": [ [ [ 82.921766856919533, 18.697468187472147 ], [ 82.921711616604625, 18.69741461526063 ], [ 82.921669925579195, 18.69736537594013 ], [ 82.921603226148434, 18.697282502202938 ], [ 82.921559401900097, 18.697239451266217 ], [ 82.921532878109034, 18.697210224669895 ], [ 82.921491185091156, 18.697186503419552 ], [ 82.921458053542139, 18.697169263879147 ], [ 82.921444591730236, 18.697188805788645 ], [ 82.921384654627815, 18.697233294156849 ], [ 82.92132697184725, 18.697282405548659 ], [ 82.921241518945749, 18.69735112504663 ], [ 82.921149952682399, 18.697423568600737 ], [ 82.921134668921184, 18.697429345212623 ], [ 82.92110935495964, 18.697448357205147 ], [ 82.921061531907853, 18.697483000857844 ], [ 82.921023526885008, 18.697502073318731 ], [ 82.920968758967959, 18.697530850116731 ], [ 82.920894503858193, 18.697570193884907 ], [ 82.920814405857499, 18.697613706114232 ], [ 82.920733032633919, 18.697652333186909 ], [ 82.920683842426726, 18.697675379465259 ], [ 82.920603951958299, 18.697713684142709 ], [ 82.920529062632596, 18.697752538313278 ], [ 82.920474847641231, 18.697777234114461 ], [ 82.920427152274726, 18.697800274052067 ], [ 82.920348193336039, 18.697849484771336 ], [ 82.920294475187163, 18.69788839843763 ], [ 82.920228962265654, 18.697939686505229 ], [ 82.920191123790815, 18.6979691732151 ], [ 82.920234877743624, 18.697991460738496 ], [ 82.920346271105259, 18.698046264115472 ], [ 82.92054059068164, 18.698133352536964 ], [ 82.920627168854935, 18.698173312456898 ], [ 82.920690196489687, 18.698203065884119 ], [ 82.920741254490963, 18.698237167083395 ], [ 82.920771276382709, 18.698213703763884 ], [ 82.920872034492106, 18.698126932336525 ], [ 82.92098896491828, 18.698027187771132 ], [ 82.921110555633803, 18.697930475050203 ], [ 82.921158139166721, 18.697890642040456 ], [ 82.921279461670835, 18.697804033696151 ], [ 82.921354629055571, 18.697746152770172 ], [ 82.921440814954821, 18.697686427090968 ], [ 82.921513044174645, 18.697635161944977 ], [ 82.921632382547358, 18.697554215413259 ], [ 82.921743374861705, 18.697482019692799 ], [ 82.921766856919533, 18.697468187472147 ] ] ] } },
{ "type": "Feature", "properties": { "OBJECTID_1": 70, "OBJECTID": 2059.0, "VILL_CODE": "0814040", "VILL_NAME": "Aligan", "PLOT_NO": "1049", "DIST_NAME": "Koraput", "TEH_NAME": "Semiliguda", "Area_Acre": 3.2026521958799998 }, "geometry": { "type": "Polygon", "coordinates": [ [ [ 82.920191123790815, 18.6979691732151 ], [ 82.920228962265654, 18.697939686505229 ], [ 82.920294475187163, 18.69788839843763 ], [ 82.920348193336039, 18.697849484771336 ], [ 82.920427152274726, 18.697800274052067 ], [ 82.920474847641231, 18.697777234114461 ], [ 82.920529062632596, 18.697752538313278 ], [ 82.920603951958299, 18.697713684142709 ], [ 82.920683842426726, 18.697675379465259 ], [ 82.920733032633919, 18.697652333186909 ], [ 82.920814405857499, 18.697613706114232 ], [ 82.920894503858193, 18.697570193884907 ], [ 82.920968758967959, 18.697530850116731 ], [ 82.921023526885008, 18.697502073318731 ], [ 82.921061531907853, 18.697483000857844 ], [ 82.92110935495964, 18.697448357205147 ], [ 82.921134668921184, 18.697429345212623 ], [ 82.921149952682399, 18.697423568600737 ], [ 82.921241518945749, 18.69735112504663 ], [ 82.92132697184725, 18.697282405548659 ], [ 82.921384654627815, 18.697233294156849 ], [ 82.921444591730236, 18.697188805788645 ], [ 82.921458053542139, 18.697169263879147 ], [ 82.921453914018926, 18.697167111062004 ], [ 82.921434356528053, 18.697125490794775 ], [ 82.921424531645116, 18.697092065722313 ], [ 82.921427713135287, 18.697077116316851 ], [ 82.921449208564013, 18.697056933780825 ], [ 82.921469660870272, 18.697047054272385 ], [ 82.921498216101838, 18.697031419322343 ], [ 82.921466098143569, 18.697003609649663 ], [ 82.92145623249823, 18.696994460932373 ], [ 82.92143010744978, 18.696979729663507 ], [ 82.921405798853698, 18.696961059056083 ], [ 82.921374589060761, 18.696931061981235 ], [ 82.921348443555999, 18.696910652189928 ], [ 82.921330566186242, 18.696899378582316 ], [ 82.921313142669206, 18.696887663983752 ], [ 82.921297573538794, 18.696882932568439 ], [ 82.92126238280018, 18.696890959366119 ], [ 82.921199213740167, 18.696913157080857 ], [ 82.921131601387771, 18.696936190772437 ], [ 82.921039617011161, 18.696971227289882 ], [ 82.920923421149524, 18.697004602962124 ], [ 82.920840716752323, 18.697028144407742 ], [ 82.920743640654678, 18.697046127230429 ], [ 82.920636684861734, 18.697067160787952 ], [ 82.920566527246791, 18.697079711202544 ], [ 82.920476929362479, 18.697094547560468 ], [ 82.920397670944553, 18.697105411453592 ], [ 82.920336860313625, 18.697111811511483 ], [ 82.920296619454263, 18.697114621278946 ], [ 82.920264119335073, 18.697108220269818 ], [ 82.920238810579974, 18.697101726629548 ], [ 82.920198972693868, 18.697089245049028 ], [ 82.920171504070495, 18.697082384158215 ], [ 82.920151378338844, 18.697082478257521 ], [ 82.920136772223927, 18.697090846907123 ], [ 82.920104667862049, 18.697110711553844 ], [ 82.920077718588445, 18.697121322353322 ], [ 82.920027886240717, 18.697128109457083 ], [ 82.919959734957345, 18.697128427951871 ], [ 82.919910528371844, 18.697124294736412 ], [ 82.919886707835829, 18.697113921999652 ], [ 82.919815588320375, 18.697102043423563 ], [ 82.919740599151808, 18.697098912240001 ], [ 82.919564051814532, 18.697193329343595 ], [ 82.919415773539029, 18.69724907716683 ], [ 82.919383328637736, 18.697272213658458 ], [ 82.919537226890839, 18.69738877737262 ], [ 82.919613958912976, 18.697442889081351 ], [ 82.919713560661108, 18.697519054171845 ], [ 82.919786715138983, 18.697595115111923 ], [ 82.919815792017673, 18.697633704784508 ], [ 82.919825644069647, 18.69764677987316 ], [ 82.919867302567781, 18.697732684141727 ], [ 82.919932752934287, 18.697789669281274 ], [ 82.919985630426808, 18.697827266272082 ], [ 82.92004523834288, 18.697869201967062 ], [ 82.920082480306817, 18.697897022646401 ], [ 82.920158333844583, 18.697952471080573 ], [ 82.920191123790815, 18.6979691732151 ] ] ] } },
{ "type": "Feature", "properties": { "OBJECTID_1": 71, "OBJECTID": 2062.0, "VILL_CODE": "0814040", "VILL_NAME": "Aligan", "PLOT_NO": "1046", "DIST_NAME": "Koraput", "TEH_NAME": "Semiliguda", "Area_Acre": 1.76187841286 }, "geometry": { "type": "Polygon", "coordinates": [ [ [ 82.921091886494139, 18.698679670984273 ], [ 82.921015882024179, 18.698619890959687 ], [ 82.920917842247491, 18.698548257433259 ], [ 82.920814617509706, 18.698465997979763 ], [ 82.920696637539876, 18.698379391642547 ], [ 82.920661256805332, 18.698359935510123 ], [ 82.920628283658857, 18.698392297646254 ], [ 82.920571247589606, 18.698434839082058 ], [ 82.920498024579942, 18.698486554946015 ], [ 82.92041911474125, 18.698546782075738 ], [ 82.920323267279215, 18.698604601681843 ], [ 82.920258724394515, 18.698658537620194 ], [ 82.920212301028357, 18.698711503804226 ], [ 82.920141565581872, 18.698792155003613 ], [ 82.920085750423084, 18.698848157895657 ], [ 82.920063829553541, 18.69885200230005 ], [ 82.920000199724484, 18.698847125221953 ], [ 82.91997274690695, 18.698837151977891 ], [ 82.919932732700275, 18.698820503928712 ], [ 82.919900593621151, 18.69881504322948 ], [ 82.919863099831815, 18.698813329524452 ], [ 82.919801572809035, 18.69880795927206 ], [ 82.919813804728591, 18.698921772523281 ], [ 82.919817286318946, 18.699023622324567 ], [ 82.91981570802642, 18.69914258540274 ], [ 82.919818448607501, 18.699213022816391 ], [ 82.919819175938059, 18.699231703838127 ], [ 82.91982061242804, 18.699239040931378 ], [ 82.919835478262272, 18.699391296339943 ], [ 82.919846889902914, 18.699487677092904 ], [ 82.919855699308243, 18.699583303059129 ], [ 82.919857781417349, 18.699603335230353 ], [ 82.919880511506591, 18.699587091631031 ], [ 82.919934626775046, 18.699506759776696 ], [ 82.919997702964665, 18.699417977048903 ], [ 82.920050247691719, 18.699349868788243 ], [ 82.920108029649668, 18.699303826424089 ], [ 82.920207625249319, 18.699217367117914 ], [ 82.920267554284365, 18.699162158586827 ], [ 82.920349795338652, 18.699096686610261 ], [ 82.920384995547124, 18.699071554125968 ], [ 82.92043517478352, 18.699050005523052 ], [ 82.920492614304621, 18.699029762010529 ], [ 82.920537868406512, 18.699013738390207 ], [ 82.920578021964204, 18.69899802538341 ], [ 82.920632848811593, 18.698978627069437 ], [ 82.920660688653768, 18.698966013261817 ], [ 82.920715083127646, 18.698947449571918 ], [ 82.92076643998044, 18.698932227920004 ], [ 82.920800264557698, 18.698915583272377 ], [ 82.920854058877055, 18.698868533626374 ], [ 82.9209214659477, 18.698812533706896 ], [ 82.920993405876686, 18.698761956451321 ], [ 82.921076417158261, 18.698697239664089 ], [ 82.921091886494139, 18.698679670984273 ] ] ] } },
{ "type": "Feature", "properties": { "OBJECTID_1": 72, "OBJECTID": 2063.0, "VILL_CODE": "0814040", "VILL_NAME": "Aligan", "PLOT_NO": "1045", "DIST_NAME": "Koraput", "TEH_NAME": "Semiliguda", "Area_Acre": 1.95595878263 }, "geometry": { "type": "Polygon", "coordinates": [ [ [ 82.920234646949837, 18.699964756350397 ], [ 82.920241289240408, 18.699923120546213 ], [ 82.920255924453997, 18.699885964092132 ], [ 82.920296028516404, 18.699765834908032 ], [ 82.920319803800481, 18.699684758579782 ], [ 82.920337122803829, 18.699633485332125 ], [ 82.92035090461404, 18.699613290664594 ], [ 82.920403825028643, 18.699576477373387 ], [ 82.920476385507541, 18.699525991491587 ], [ 82.920574141878106, 18.699456588805123 ], [ 82.920672787215906, 18.699389943150795 ], [ 82.920770884480831, 18.699321528804642 ], [ 82.920829918162354, 18.699281839609075 ], [ 82.920864104211873, 18.699261602067079 ], [ 82.920949534693946, 18.69920096824907 ], [ 82.92100103275142, 18.699169187722443 ], [ 82.921041481925357, 18.699158586590304 ], [ 82.92112006074791, 18.699141859080417 ], [ 82.921178385233247, 18.699122252217652 ], [ 82.92123669535502, 18.699098181828013 ], [ 82.921294151497662, 18.699053296098775 ], [ 82.9213702296355, 18.69899047418247 ], [ 82.921409898242288, 18.698955992598442 ], [ 82.921306224980682, 18.698869061197609 ], [ 82.921207081837778, 18.69877906326807 ], [ 82.921121892522976, 18.698703273562888 ], [ 82.921091886494139, 18.698679670984273 ], [ 82.921076417158261, 18.698697239664089 ], [ 82.920993405876686, 18.698761956451321 ], [ 82.9209214659477, 18.698812533706896 ], [ 82.920854058877055, 18.698868533626374 ], [ 82.920800264557698, 18.698915583272377 ], [ 82.92076643998044, 18.698932227920004 ], [ 82.920715083127646, 18.698947449571918 ], [ 82.920660688653768, 18.698966013261817 ], [ 82.920632848811593, 18.698978627069437 ], [ 82.920578021964204, 18.69899802538341 ], [ 82.920537868406512, 18.699013738390207 ], [ 82.920492614304621, 18.699029762010529 ], [ 82.92043517478352, 18.699050005523052 ], [ 82.920384995547124, 18.699071554125968 ], [ 82.920349795338652, 18.699096686610261 ], [ 82.920267554284365, 18.699162158586827 ], [ 82.920207625249319, 18.699217367117914 ], [ 82.920108029649668, 18.699303826424089 ], [ 82.920050247691719, 18.699349868788243 ], [ 82.919997702964665, 18.699417977048903 ], [ 82.919934626775046, 18.699506759776696 ], [ 82.919880511506591, 18.699587091631031 ], [ 82.919857781417349, 18.699603335230353 ], [ 82.919885746652866, 18.699703200667592 ], [ 82.91991542411013, 18.699763650736905 ], [ 82.919956339395497, 18.699829576796645 ], [ 82.920003682071069, 18.699896836368737 ], [ 82.920025027068917, 18.69994942461728 ], [ 82.920070704644587, 18.70001059158233 ], [ 82.920120682814982, 18.700002623078628 ], [ 82.920206154254672, 18.69997363404417 ], [ 82.920234646949837, 18.699964756350397 ] ] ] } },
{ "type": "Feature", "properties": { "OBJECTID_1": 73, "OBJECTID": 2064.0, "VILL_CODE": "0814040", "VILL_NAME": "Aligan", "PLOT_NO": "1044", "DIST_NAME": "Koraput", "TEH_NAME": "Semiliguda", "Area_Acre": 1.31966402247 }, "geometry": { "type": "Polygon", "coordinates": [ [ [ 82.920234646949837, 18.699964756350397 ], [ 82.920284017605809, 18.699984033095237 ], [ 82.92038977963351, 18.700009034210829 ], [ 82.920420195268164, 18.699976493223236 ], [ 82.920523591278908, 18.699902356814274 ], [ 82.920661164759537, 18.69979587567413 ], [ 82.920787139121956, 18.699697283363047 ], [ 82.920842976617635, 18.699659223196107 ], [ 82.920911209148699, 18.699609224161481 ], [ 82.920959301666159, 18.69957580906549 ], [ 82.921009499692175, 18.699541554813514 ], [ 82.921077184073496, 18.699496418878276 ], [ 82.921131382262004, 18.699474565111561 ], [ 82.921197666749933, 18.699443322285067 ], [ 82.921250132866646, 18.699411217387393 ], [ 82.921330845959162, 18.699364607211262 ], [ 82.921395533357796, 18.699315843153443 ], [ 82.921456726855979, 18.699269976830557 ], [ 82.921528206198289, 18.699206981556291 ], [ 82.921565018804841, 18.699174795820941 ], [ 82.921615034949809, 18.699134360479032 ], [ 82.921520674697788, 18.699054321485818 ], [ 82.921418929045643, 18.698963565315683 ], [ 82.921409898242288, 18.698955992598442 ], [ 82.9213702296355, 18.69899047418247 ], [ 82.921294151497662, 18.699053296098775 ], [ 82.92123669535502, 18.699098181828013 ], [ 82.921178385233247, 18.699122252217652 ], [ 82.92112006074791, 18.699141859080417 ], [ 82.921041481925357, 18.699158586590304 ], [ 82.92100103275142, 18.699169187722443 ], [ 82.920949534693946, 18.69920096824907 ], [ 82.920864104211873, 18.699261602067079 ], [ 82.920829918162354, 18.699281839609075 ], [ 82.920770884480831, 18.699321528804642 ], [ 82.920672787215906, 18.699389943150795 ], [ 82.920574141878106, 18.699456588805123 ], [ 82.920476385507541, 18.699525991491587 ], [ 82.920403825028643, 18.699576477373387 ], [ 82.92035090461404, 18.699613290664594 ], [ 82.920337122803829, 18.699633485332125 ], [ 82.920319803800481, 18.699684758579782 ], [ 82.920296028516404, 18.699765834908032 ], [ 82.920255924453997, 18.699885964092132 ], [ 82.920241289240408, 18.699923120546213 ], [ 82.920234646949837, 18.699964756350397 ] ] ] } },
{ "type": "Feature", "properties": { "OBJECTID_1": 74, "OBJECTID": 2065.0, "VILL_CODE": "0814040", "VILL_NAME": "Aligan", "PLOT_NO": "1043", "DIST_NAME": "Koraput", "TEH_NAME": "Semiliguda", "Area_Acre": 2.4226214669399999 }, "geometry": { "type": "Polygon", "coordinates": [ [ [ 82.92213917014854, 18.699464361161677 ], [ 82.922108472389056, 18.699436696085694 ], [ 82.922041208102698, 18.699377780904115 ], [ 82.921991368129909, 18.699352619325467 ], [ 82.921901158312039, 18.699312080329669 ], [ 82.921786622703209, 18.699257424933414 ], [ 82.921743673037383, 18.699240423445069 ], [ 82.921650765019393, 18.699164668879693 ], [ 82.921615034949809, 18.699134360479032 ], [ 82.921565018804841, 18.699174795820941 ], [ 82.921528206198289, 18.699206981556291 ], [ 82.921456726855979, 18.699269976830557 ], [ 82.921395533357796, 18.699315843153443 ], [ 82.921330845959162, 18.699364607211262 ], [ 82.921250132866646, 18.699411217387393 ], [ 82.921197666749933, 18.699443322285067 ], [ 82.921131382262004, 18.699474565111561 ], [ 82.921077184073496, 18.699496418878276 ], [ 82.921009499692175, 18.699541554813514 ], [ 82.920959301666159, 18.69957580906549 ], [ 82.920911209148699, 18.699609224161481 ], [ 82.920842976617635, 18.699659223196107 ], [ 82.920787139121956, 18.699697283363047 ], [ 82.920661164759537, 18.69979587567413 ], [ 82.920523591278908, 18.699902356814274 ], [ 82.920420195268164, 18.699976493223236 ], [ 82.92038977963351, 18.700009034210829 ], [ 82.92040734942259, 18.70002083229187 ], [ 82.92044162222561, 18.700112216093942 ], [ 82.920471813976704, 18.700175792841389 ], [ 82.920525955260374, 18.70028499483178 ], [ 82.92056564828961, 18.700335571074497 ], [ 82.920572090376567, 18.700327789205854 ], [ 82.921206402099983, 18.700023303970948 ], [ 82.922020488701975, 18.699607189963665 ], [ 82.922130194527071, 18.699484518408415 ], [ 82.92213917014854, 18.699464361161677 ] ] ] } },
{ "type": "Feature", "properties": { "OBJECTID_1": 75, "OBJECTID": 2019.0, "VILL_CODE": "0814040", "VILL_NAME": "Aligan", "PLOT_NO": "1089", "DIST_NAME": "Koraput", "TEH_NAME": "Semiliguda", "Area_Acre": 0.342462328486 }, "geometry": { "type": "Polygon", "coordinates": [ [ [ 82.92659452102275, 18.699813092911135 ], [ 82.926623262917161, 18.69998567547184 ], [ 82.926621053496234, 18.700115876540202 ], [ 82.926602462064267, 18.700173244912285 ], [ 82.926558917319852, 18.70027895442502 ], [ 82.926534588037129, 18.700335191095231 ], [ 82.926520742446783, 18.70036719320996 ], [ 82.926470236288324, 18.700470798890588 ], [ 82.92645201932676, 18.700516447351649 ], [ 82.92666868334571, 18.700594579773988 ], [ 82.926789397433566, 18.700354166816002 ], [ 82.926689850372682, 18.699919976008665 ], [ 82.92659452102275, 18.699813092911135 ] ] ] } },
{ "type": "Feature", "properties": { "OBJECTID_1": 76, "OBJECTID": 1946.0, "VILL_CODE": "0814040", "VILL_NAME": "Aligan", "PLOT_NO": "1162", "DIST_NAME": "Koraput", "TEH_NAME": "Semiliguda", "Area_Acre": 0.00168387903209 }, "geometry": { "type": "Polygon", "coordinates": [ [ [ 82.926356825828762, 18.699531649169927 ], [ 82.926385185160754, 18.699562885131357 ], [ 82.926432975941381, 18.699613075062853 ], [ 82.926453653369094, 18.699634402082342 ], [ 82.926381154600961, 18.699546746848984 ], [ 82.9263633168665, 18.699535676628859 ], [ 82.926356825828762, 18.699531649169927 ] ] ] } },
{ "type": "Feature", "properties": { "OBJECTID_1": 77, "OBJECTID": 1946.0, "VILL_CODE": "0814040", "VILL_NAME": "Aligan", "PLOT_NO": "1162", "DIST_NAME": "Koraput", "TEH_NAME": "Semiliguda", "Area_Acre": 0.84517444717800005 }, "geometry": { "type": "Polygon", "coordinates": [ [ [ 82.925957627311647, 18.699187111196171 ], [ 82.925954946863669, 18.69918371940496 ], [ 82.925886443706503, 18.699097011199541 ], [ 82.925659110635081, 18.699005245812646 ], [ 82.92534865485085, 18.69883983760764 ], [ 82.925261631475522, 18.698421200746147 ], [ 82.925167799587413, 18.698128100101574 ], [ 82.925104340851973, 18.698076876381933 ], [ 82.925002720917107, 18.698094174529199 ], [ 82.924940861557758, 18.698110198933712 ], [ 82.924916429146535, 18.698116341703592 ], [ 82.924928283794173, 18.698151722306537 ], [ 82.924950747608719, 18.698198770567714 ], [ 82.92500051200831, 18.698290524610922 ], [ 82.925059885177518, 18.698407163215904 ], [ 82.92509516912115, 18.698475448593289 ], [ 82.925102910539977, 18.698493564273978 ], [ 82.925121623167811, 18.698577158814178 ], [ 82.92513197379256, 18.698628332544025 ], [ 82.925149343501218, 18.698691922654199 ], [ 82.925143245283948, 18.698771083375803 ], [ 82.925121961425475, 18.698855472571399 ], [ 82.925126286527174, 18.698862879316131 ], [ 82.925135376672742, 18.69887845345853 ], [ 82.925179480268511, 18.698940978563186 ], [ 82.925221611414841, 18.699004452595254 ], [ 82.925290592905966, 18.699097778912133 ], [ 82.925315496687929, 18.699137077163886 ], [ 82.925357663378506, 18.699188093951264 ], [ 82.925376823532218, 18.699219537487959 ], [ 82.925426566927086, 18.699280550137413 ], [ 82.925449504177365, 18.699302878515525 ], [ 82.925481749121914, 18.699265129835368 ], [ 82.925554968256222, 18.699144717513022 ], [ 82.925603186875108, 18.699134788138586 ], [ 82.92574117877956, 18.699118287696418 ], [ 82.925864301801539, 18.699103761136357 ], [ 82.925894867405034, 18.699129086228883 ], [ 82.925938364963471, 18.699175050093359 ], [ 82.925957627311647, 18.699187111196171 ] ] ] } },
{ "type": "Feature", "properties": { "OBJECTID_1": 78, "OBJECTID": 1911.0, "VILL_CODE": "0814040", "VILL_NAME": "Aligan", "PLOT_NO": "1197", "DIST_NAME": "Koraput", "TEH_NAME": "Semiliguda", "Area_Acre": 0.049335662754400003 }, "geometry": { "type": "Polygon", "coordinates": [ [ [ 82.920764655975304, 18.69694665718162 ], [ 82.920480751123321, 18.696972467394307 ], [ 82.920131073923486, 18.697024614357705 ], [ 82.920203411074851, 18.697025688422983 ], [ 82.920305006484298, 18.697030919221753 ], [ 82.920424203969603, 18.697026886061956 ], [ 82.920498178041356, 18.697019953648219 ], [ 82.920565665969008, 18.696998567430704 ], [ 82.920649870761167, 18.696976175206444 ], [ 82.920722890088797, 18.696959151663137 ], [ 82.920764655975304, 18.69694665718162 ] ] ] } },
{ "type": "Feature", "properties": { "OBJECTID_1": 79, "OBJECTID": 2218.0, "VILL_CODE": "0814040", "VILL_NAME": "Aligan", "PLOT_NO": "805", "DIST_NAME": "Koraput", "TEH_NAME": "Semiliguda", "Area_Acre": 0.12847402026900001 }, "geometry": { "type": "Polygon", "coordinates": [ [ [ 82.919815019306114, 18.697048301029067 ], [ 82.919379582168915, 18.697105290651944 ], [ 82.919326062645325, 18.697241631972837 ], [ 82.919383328637736, 18.697272213658458 ], [ 82.919415773539029, 18.69724907716683 ], [ 82.919564051814532, 18.697193329343595 ], [ 82.919740599151808, 18.697098912240001 ], [ 82.919815019306114, 18.697048301029067 ] ] ] } },
{ "type": "Feature", "properties": { "OBJECTID_1": 80, "OBJECTID": 1914.0, "VILL_CODE": "0814040", "VILL_NAME": "Aligan", "PLOT_NO": "1194", "DIST_NAME": "Koraput", "TEH_NAME": "Semiliguda", "Area_Acre": 0.014203095972 }, "geometry": { "type": "Polygon", "coordinates": [ [ [ 82.923723380736163, 18.696555957187766 ], [ 82.923591947078705, 18.696576926441718 ], [ 82.923623938873334, 18.696590947669634 ], [ 82.923663077148035, 18.696610807356372 ], [ 82.923682165083662, 18.696621818975164 ], [ 82.923702524062776, 18.696627274345978 ], [ 82.923712192241993, 18.696622294128062 ], [ 82.923720510361463, 18.696583992649916 ], [ 82.923723380736163, 18.696555957187766 ] ] ] } },
{ "type": "Feature", "properties": { "OBJECTID_1": 81, "OBJECTID": 2208.0, "VILL_CODE": "0814040", "VILL_NAME": "Aligan", "PLOT_NO": "815", "DIST_NAME": "Koraput", "TEH_NAME": "Semiliguda", "Area_Acre": 0.31251716994200002 }, "geometry": { "type": "Polygon", "coordinates": [ [ [ 82.919407962012286, 18.699858728440653 ], [ 82.919230167689591, 18.699910237149098 ], [ 82.919815680234976, 18.700619093989246 ], [ 82.919816597716945, 18.70061815229251 ], [ 82.919861281489773, 18.700545632899953 ], [ 82.919787628897197, 18.700427884775475 ], [ 82.919679533251994, 18.700253720180505 ], [ 82.919516871522816, 18.700047108815305 ], [ 82.919416194483304, 18.69990497009643 ], [ 82.919407962012286, 18.699858728440653 ] ] ] } }
]
}
